Trollenhagen Wetter vom 01.06.2020 - 12.01.2026;;;;;;;;;;;;;;;;;;;;;;;;
MESS_DATUM;QN_3;  FX;  FM;QN_4; RSK;RSKF; SDK;SHK_TAG;  NM; VPM;  PM; TMK; UPM; TXK; TNK; TGK;eor;globrad;;;;;;
01.06.2020;10;12.3;5;9;0;0;15.4;-999;0;9.4;1016.6;15.4;58;21.7;8.4;3.6;eor;30.265;;;;;;
02.06.2020;10;11.3;3.9;9;0;0;15.4;-999;0.3;11;1008.9;18.1;57;26.3;8;3.1;eor;30.302;;;;;;
03.06.2020;10;8.8;3.5;9;0;0;14.1;-999;0.1;9.4;998.6;15.1;60;23;7.6;3.6;eor;28.603;;;;;;
04.06.2020;10;13.2;4.3;9;6.3;4;3.6;-999;6.1;11.7;987.4;16;68;23.6;8.3;7.2;eor;14.627;;;;;;
05.06.2020;10;14.9;4.4;9;1.2;4;4.5;-999;6.5;11.1;985.1;13.6;73;17.4;9.9;9;eor;15.851;;;;;;
06.06.2020;10;14.8;5.6;9;0.3;4;8;-999;4.6;9.3;991.8;12.2;67;17.9;8.5;5.8;eor;20.546;;;;;;
07.06.2020;10;8.5;3;9;0;4;3.9;-999;5.7;10.9;998.7;14.6;67;20.3;8.9;4.1;eor;15.091;;;;;;
08.06.2020;10;7.2;2.3;9;0;4;9.4;-999;2.5;10.8;1005.3;14.2;68;19.5;7;2;eor;22.458;;;;;;
09.06.2020;10;9.3;2.8;9;0;0;12.2;-999;1.2;10.6;1009;15.1;65;21.6;6.5;2.6;eor;26.219;;;;;;
10.06.2020;10;9.9;4.3;9;0;4;1.8;-999;6.2;11.9;1007.4;14.4;74;19.2;8;4;eor;12.334;;;;;;
11.06.2020;10;8.9;4.4;9;2.5;4;0;-999;7.9;15.4;1004.2;14.5;93;17.2;13.3;13.2;eor;9.94;;;;;;
12.06.2020;10;9.9;3.7;9;0;0;4.1;-999;7;17.1;1004.6;16.2;93;23;13.4;13.5;eor;15.434;;;;;;
13.06.2020;10;11.2;4.6;9;0.3;4;4.8;-999;5.3;18.3;1004.8;18.5;86;28.5;13.8;13.9;eor;16.381;;;;;;
14.06.2020;10;13.6;6.8;9;0;0;10.9;-999;2.7;14.5;1005.8;18.4;71;25;11.6;9.2;eor;24.55;;;;;;
15.06.2020;10;10;3.7;9;0;0;15.7;-999;0.1;11.7;1007.4;17.4;62;24;9.6;7.1;eor;30.979;;;;;;
16.06.2020;10;9.7;2.5;9;0;0;15.1;-999;0.2;11.7;1006;19.3;56;26.3;10.3;7.5;eor;30.182;;;;;;
17.06.2020;10;9.8;2.7;9;0;0;13.3;-999;1;13.1;1004.1;20.3;59;28.1;12.1;9;eor;27.778;;;;;;
18.06.2020;10;8;4.1;9;0;4;2.1;-999;6.5;15.1;1002.9;17;79;21.9;12.9;12;eor;12.797;;;;;;
19.06.2020;10;7.9;4.1;9;11.5;4;0;-999;8;17.2;1003.5;16.1;94;17.1;15.1;15.1;eor;9.988;;;;;;
20.06.2020;10;13.7;6.9;9;6.4;4;0;-999;7.7;17;1007.2;15.5;96;16.4;14.8;14.3;eor;9.988;;;;;;
21.06.2020;10;9.6;4.7;9;0;4;1.6;-999;7.2;15.6;1009.9;17;81;21.6;12.7;8.6;eor;12.126;;;;;;
22.06.2020;10;15.1;4.6;9;0;0;13.4;-999;1.3;13.4;1013;17.9;67;23.2;11;7.3;eor;27.902;;;;;;
23.06.2020;10;14.2;3.9;9;0;0;14.2;-999;0.9;12.1;1016.8;17.2;64;22.6;10.1;6.4;eor;28.964;;;;;;
24.06.2020;10;10.2;3.6;9;0;0;14.3;-999;0.9;14.8;1017.3;19.3;67;25.4;12.8;9.6;eor;29.087;;;;;;
25.06.2020;10;16.3;4.1;9;7.5;4;10;-999;3.2;19.1;1014.2;20.6;78;27.3;13.8;12;eor;23.329;;;;;;
26.06.2020;10;14.4;3.7;9;4.7;4;9.6;-999;3.2;19.3;1008.2;20.5;81;28.4;16;13.6;eor;22.782;;;;;;
27.06.2020;10;7.6;2.6;9;0;4;10.4;-999;3;19.7;1001.7;22.4;74;29.1;15;13.8;eor;23.836;;;;;;
28.06.2020;10;16.1;3.1;9;0.8;4;4.3;-999;4.5;18.7;1003.1;21.2;75;27.7;15.7;12.1;eor;15.675;;;;;;
29.06.2020;10;9.5;2.7;9;0.2;4;9.1;-999;4.3;13.6;1002.2;18.8;65;24;13.3;11;eor;22.066;;;;;;
30.06.2020;10;14;5.7;9;0.1;4;3.8;-999;6;12.2;998.4;16.6;65;18.9;13.5;10.9;eor;14.976;;;;;;
01.07.2020;10;10;4.1;9;8.4;4;0.3;-999;6.7;16.9;997.4;17.5;84;19.9;15.6;13.9;eor;10.291;;;;;;
02.07.2020;10;13.5;4.2;9;2.3;4;5.6;-999;5.5;16;1000.5;18;79;23.3;14;12.4;eor;17.337;;;;;;
03.07.2020;10;9.9;4.3;9;0.1;4;5.3;-999;6.8;15.2;1005.5;17.7;76;21.6;14.6;14;eor;16.915;;;;;;
04.07.2020;10;14.4;5.9;9;1.7;4;1.1;-999;7.2;15.1;1004.2;18.7;70;21.6;16.6;15.4;eor;11.3;;;;;;
05.07.2020;10;14.5;5.5;9;0.7;4;1.2;-999;6.8;18.8;999.2;19.3;84;22.4;14;11.3;eor;11.411;;;;;;
06.07.2020;10;18.5;6.6;9;0.6;4;8.1;-999;4.6;12.3;1000.6;15.4;71;19.1;11.3;9.7;eor;20.561;;;;;;
07.07.2020;10;12.1;5.5;9;1.8;4;6.6;-999;5.3;11.1;1007.4;14.1;71;20;9.8;8.3;eor;18.537;;;;;;
08.07.2020;10;13.5;4.3;9;0.6;4;3;-999;6.3;12.2;1006;13.8;79;19.1;10.6;7;eor;13.725;;;;;;
09.07.2020;10;9;2.9;9;11.8;4;0.3;-999;7.2;14.8;1004.4;13.9;93;17.3;10.2;6.9;eor;10.114;;;;;;
10.07.2020;10;15.1;4;9;3.8;4;1.9;-999;6.3;15.3;1001.5;14.3;93;22.4;10.6;9.1;eor;12.207;;;;;;
11.07.2020;10;12.9;5;9;0;4;9.6;-999;3.2;11.5;1012.7;13.9;74;18.5;9.3;7.3;eor;22.373;;;;;;
12.07.2020;10;12.7;4.2;9;0;0;7;-999;4.1;11.7;1017.5;14;74;18.7;8.8;5.6;eor;18.89;;;;;;
13.07.2020;10;8.3;3.2;9;0;0;14.2;-999;0.8;12;1014.6;16.2;68;21.9;10.9;7.4;eor;28.367;;;;;;
14.07.2020;10;10.9;3.3;9;0;4;8.9;-999;5.8;13.4;1006.2;18.8;65;26.5;10.7;8;eor;21.316;;;;;;
15.07.2020;10;4.4;1.9;9;5.4;4;0.1;-999;7.3;15.5;1004.3;14.8;92;16.6;11.2;9.4;eor;9.661;;;;;;
16.07.2020;10;10.8;2.6;9;9.8;4;3.6;-999;5.3;14.2;1007;14.2;88;18.5;11.1;9;eor;14.237;;;;;;
17.07.2020;10;10.2;3.9;9;0;0;6.4;-999;4.5;15.6;1010.1;16.7;83;22.4;10.3;8.4;eor;17.879;;;;;;
18.07.2020;10;5.5;1.6;9;0;4;10.2;-999;4.2;16.6;1011.6;19;77;26.1;11.2;8.3;eor;22.825;;;;;;
19.07.2020;10;11.4;2.2;9;0;4;11.1;-999;5.4;17;1007.6;22.1;67;28.5;13;11;eor;23.949;;;;;;
20.07.2020;10;12.9;3.9;9;2.6;4;6.7;-999;5.2;15.5;1007.8;17.5;77;20.1;11.7;8.1;eor;18.122;;;;;;
21.07.2020;10;12.1;4.4;9;0;4;7.6;-999;3.5;11.9;1012.5;14.9;72;19.9;10.4;7.8;eor;19.246;;;;;;
22.07.2020;10;8.9;3.4;9;0;4;5;-999;5;12.1;1012.8;14.7;73;19;9.9;7.7;eor;15.79;;;;;;
23.07.2020;10;9.3;2.3;9;0;4;9.1;-999;5.7;11.3;1008.1;17;60;22;11.6;9.6;eor;21.085;;;;;;
24.07.2020;10;13.6;4.7;9;0;4;3;-999;6.1;13.1;1001.2;18.6;62;24;12.6;9.3;eor;13.075;;;;;;
25.07.2020;10;7.2;2.5;9;0;4;7;-999;5.7;14.6;1003.6;18.1;72;23.2;11.2;8;eor;18.224;;;;;;
26.07.2020;10;12;3.2;9;1.4;4;3.7;-999;7.4;16.5;1002.3;18.6;77;22.6;13.6;9.3;eor;13.877;;;;;;
27.07.2020;10;7.2;2.2;9;1.6;4;6.4;-999;5.9;15.8;1007.3;19;74;24.5;11.6;8.3;eor;17.318;;;;;;
28.07.2020;10;17.4;4.8;9;0;0;8.2;-999;6.9;15.6;1000.6;19.8;68;26;13.6;11.2;eor;19.58;;;;;;
29.07.2020;10;14.2;5.8;9;0;4;3.7;-999;6.5;11.7;1007.5;16.5;64;21.4;12.7;10.1;eor;13.701;;;;;;
30.07.2020;10;10.9;4.7;9;0;0;6.6;-999;4.4;11.6;1011.2;15.4;68;20.8;10.7;7;eor;17.374;;;;;;
31.07.2020;10;9.6;3.8;9;0;0;14.1;-999;3.3;13.4;1010.6;17;72;24.1;10.5;7.7;eor;26.94;;;;;;
01.08.2020;10;8.6;3.2;9;1.5;4;13.2;-999;3.3;13.9;1008.2;19.5;66;27.7;9.8;7.4;eor;25.691;;;;;;
02.08.2020;10;6.8;2;9;1;4;0.2;-999;8;17.9;1004.3;18.5;84;21.1;14.8;11.5;eor;8.97;;;;;;
03.08.2020;10;9.3;3.5;9;0;0;5.2;-999;6.7;14.6;1003.7;17.1;76;21.7;11.3;7.4;eor;15.294;;;;;;
04.08.2020;10;9.9;2.8;9;0;0;8.8;-999;5.6;11.9;1006.2;16.1;67;22.1;9.8;5.6;eor;19.802;;;;;;
05.08.2020;10;-999;-999;9;0;0;13.5;-999;3;11.4;1010;20.4;51;27;12.5;8.2;eor;25.68;;;;;;
06.08.2020;10;9.5;3.1;9;0;0;13.8;-999;1.5;12.4;1013.8;22.4;49;29.7;15.8;12.2;eor;25.955;;;;;;
07.08.2020;10;9.7;3.2;9;0;0;11.7;-999;2.3;16.7;1014.5;23.5;60;31.1;14.4;12;eor;23.196;;;;;;
08.08.2020;10;9.7;2.8;9;0;0;9.8;-999;3.5;17.9;1012.1;25.9;58;34.8;17.2;14.8;eor;20.702;;;;;;
09.08.2020;10;11.6;3.5;9;0;0;9.3;-999;7.2;19.6;1010.5;25;65;33.3;18.5;15.9;eor;19.977;;;;;;
10.08.2020;10;10.8;3.5;9;0.5;4;9.4;-999;4.4;19.7;1010.6;24;70;32.8;16.6;14.9;eor;20.004;;;;;;
11.08.2020;10;11.1;5.1;9;0;0;13.8;-999;0.2;17.6;1013.2;22;70;29.3;15.3;14;eor;25.389;;;;;;
12.08.2020;10;10.5;4.5;9;0;0;13.7;-999;1.5;14.8;1012.2;20.5;66;29.3;13.4;11.8;eor;25.145;;;;;;
13.08.2020;10;10.7;4;9;0;0;13.7;-999;0.8;14.8;1007.7;20.7;66;29.8;12.7;9.5;eor;25.022;;;;;;
14.08.2020;10;9.1;2.5;9;0;4;3.8;-999;6.5;15.9;1005.4;21.7;64;28.7;14;11.6;eor;12.681;;;;;;
15.08.2020;10;10.7;3.4;9;0;0;12.8;-999;0.9;14.4;1006.7;23.2;54;31.7;15.6;11.7;eor;23.664;;;;;;
16.08.2020;10;11.1;3.9;9;0;0;13.3;-999;0.3;14.4;1006.7;23.6;53;31.4;16.8;11.2;eor;24.151;;;;;;
17.08.2020;10;10.9;3.6;9;0;0;11.7;-999;1.1;13.3;1002.3;23.4;48;31.1;15.2;11.2;eor;22.069;;;;;;
18.08.2020;10;11.1;3.4;9;0.2;4;3.4;-999;6.8;17.8;1000.9;20.2;76;25;15.8;13.3;eor;11.857;;;;;;
19.08.2020;10;10.2;2.8;9;3.5;4;4.3;-999;6.4;17.7;1002.2;19.2;81;24.8;15;12.4;eor;12.862;;;;;;
20.08.2020;10;9.9;2.6;9;0;4;2.8;-999;7.5;17;1002.4;23.1;64;29.6;15.9;14.3;eor;10.963;;;;;;
21.08.2020;10;9.7;2.8;9;0;4;4.5;-999;7;19.4;1002.4;24.7;65;33.1;17.1;15.2;eor;12.919;;;;;;
22.08.2020;10;11.2;2.9;9;0;4;3.8;-999;6.7;18.1;1003.9;22.1;69;26.2;17.2;14.7;eor;11.988;;;;;;
23.08.2020;10;13.2;5.6;9;0;4;5.6;-999;6.4;14;1003.9;19.1;64;24;14.3;12.9;eor;14.038;;;;;;
24.08.2020;10;11.6;4.5;9;4.8;4;5.4;-999;6;14.9;1004.2;16.4;82;22;13;11.8;eor;13.698;;;;;;
25.08.2020;10;7.6;3.5;9;3.8;4;5.1;-999;6;13.2;1002.4;16.8;71;21.2;12.8;11.4;eor;13.242;;;;;;
26.08.2020;10;16.2;6.7;9;12.4;4;1.1;-999;7.7;16.6;992.6;16.2;90;18;14.7;13.7;eor;8.452;;;;;;
27.08.2020;10;17.6;7.1;9;0.3;4;2.1;-999;7.4;14.5;1001.9;15.5;82;18.4;13.2;10.4;eor;9.539;;;;;;
28.08.2020;10;8.7;3.1;9;10.6;4;0.8;-999;8;14.7;996.7;15.1;86;18;11.1;10.5;eor;7.945;;;;;;
29.08.2020;10;9;3.2;9;0;0;6.7;-999;6.3;14.6;995.9;15.9;82;21.3;11.5;8.9;eor;14.675;;;;;;
30.08.2020;10;7.3;2.3;9;0;0;10;-999;7;14.2;1000.7;17.1;75;22.8;9.7;7.5;eor;18.346;;;;;;
31.08.2020;10;9.5;3.7;9;0;4;7.2;-999;4.8;13.9;1006.8;16;77;21.3;10.4;5.4;eor;15.012;;;;;;
01.09.2020;10;10.1;3.3;9;0.5;4;3.5;-999;5.3;11.9;1010.3;13.6;77;20.2;8.8;4.6;eor;10.691;;;;;;
02.09.2020;10;8.1;3.6;9;6.7;4;0.4;-999;7.8;14.7;1008;14.7;88;18.2;12.3;10.7;eor;7.095;;;;;;
03.09.2020;10;10.2;4.5;9;1.7;4;9;-999;5.1;13.7;1008.8;16.7;74;21.6;11.9;10.5;eor;16.662;;;;;;
04.09.2020;10;10.1;4.3;9;0.3;4;5.5;-999;6.4;15.5;1009.4;17.8;77;21.9;15;13.6;eor;12.623;;;;;;
05.09.2020;10;9.8;3.6;9;4.6;4;0.9;-999;7.6;14.9;1006.8;14.5;91;17.2;12.4;11.4;eor;7.414;;;;;;
06.09.2020;10;13.2;4.4;9;0.4;4;6;-999;5.8;12.3;1008.6;13.1;82;17.9;10;7.6;eor;12.944;;;;;;
07.09.2020;10;9.6;3.5;9;0;0;5.7;-999;5.7;11.9;1013.4;13.9;76;18.2;9.7;7.3;eor;12.497;;;;;;
08.09.2020;10;12.7;5.4;9;0;0;1.4;-999;6.8;14.3;1013.5;16.4;76;20;13.3;11.7;eor;7.708;;;;;;
09.09.2020;10;12.9;5.5;9;0.6;4;1.6;-999;6.4;17.3;1009.8;17.6;86;22.1;11.6;9.7;eor;7.837;;;;;;
10.09.2020;10;9.8;3.8;9;0.1;4;5.2;-999;4.9;11.8;1011.4;13.1;79;17.7;9.2;5.7;eor;11.604;;;;;;
11.09.2020;10;6.8;2;9;0;0;3.3;-999;5.3;11.6;1009.6;14.9;69;19.6;10.7;7;eor;9.467;;;;;;
12.09.2020;10;13.9;4.7;9;0;0;10.6;-999;3;13;1008.9;16.4;71;23.3;10.3;6.2;eor;17.074;;;;;;
13.09.2020;10;11.8;4.8;9;0;0;8.8;-999;8;13.7;1015.5;16.9;72;22.2;11.5;9.6;eor;15.027;;;;;;
14.09.2020;10;7;2.5;9;0;0;11.6;-999;2.1;15.3;1018.1;20.5;66;28;13.3;9.8;eor;17.794;;;;;;
15.09.2020;10;8.1;2.5;9;0;0;11.4;-999;6.7;17.2;1012.8;23.1;63;30.2;15;11.8;eor;17.418;;;;;;
16.09.2020;10;10.3;3.8;9;0;0;10.1;-999;3;16.9;1009.2;19.8;74;27.3;12.8;11;eor;15.917;;;;;;
17.09.2020;10;9.5;4.1;9;0;0;10.9;-999;2.8;9.5;1020.1;12.4;67;16.7;6.1;1;eor;16.571;;;;;;
18.09.2020;10;3.8;1.4;9;0;0;11.1;-999;3.8;8.9;1021.1;11.6;69;19.4;4.8;0;eor;16.606;;;;;;
19.09.2020;10;5.8;2.5;9;0;0;9.5;-999;7.6;9.3;1016.2;11.8;71;19;3.4;0.8;eor;14.838;;;;;;
20.09.2020;10;7;2.7;9;0;0;11.1;-999;1.5;10.5;1012.8;13.4;74;21.7;5.8;2.1;eor;16.268;;;;;;
21.09.2020;10;8.7;1.9;9;0;0;11;-999;1;10.6;1009.9;14.8;67;23.4;5;1.9;eor;15.999;;;;;;
22.09.2020;10;7.1;2;9;0;0;10.8;-999;0.7;12.8;1002.3;17.7;65;25.5;8.1;5;eor;15.635;;;;;;
23.09.2020;10;7.5;1.9;9;0;4;8;-999;2.8;12.8;996.5;17.9;65;25.2;10.9;7.5;eor;12.761;;;;;;
24.09.2020;10;9.7;3.3;9;3.4;4;4.2;-999;7.3;12;994.7;16.2;65;21.3;10.1;6.5;eor;8.978;;;;;;
25.09.2020;10;7.6;2.6;9;13.9;4;0;-999;6.3;13.1;989.1;12.2;92;14.4;8;5.1;eor;4.882;;;;;;
26.09.2020;10;16.8;5;9;13.1;4;0;-999;7.7;12.6;986.6;11.3;93;17.5;7.2;4.1;eor;4.807;;;;;;
27.09.2020;10;7.5;3;9;10.2;4;0;-999;7.7;11.6;995.4;9.7;96;10.3;9.1;9.1;eor;4.731;;;;;;
28.09.2020;10;7.9;2.7;9;0;0;5.5;-999;4.3;11.6;1003.2;12.3;82;17.2;9.3;6.6;eor;9.729;;;;;;
29.09.2020;10;5.3;1.5;9;0;0;5.9;-999;4.8;12;1008;12.8;83;18;8.2;5.6;eor;9.971;;;;;;
30.09.2020;10;6.5;1.6;9;0;0;6.6;-999;3.2;12.9;1007.8;12.1;91;17.9;6.8;4.5;eor;10.477;;;;;;
01.10.2020;10;6.8;2.6;9;0;0;1.7;-999;6.5;13.7;999.4;12.4;94;16.9;7.4;5;eor;5.957;;;;;;
02.10.2020;10;10.6;4.9;9;0;4;0;-999;8;14.1;994.7;13.7;90;15.9;11.6;10.8;eor;4.362;;;;;;
03.10.2020;10;12.5;6.1;9;0.3;4;4.1;-999;7;15.2;987.7;15.5;86;19.7;12.5;11.5;eor;7.886;;;;;;
04.10.2020;10;11.5;3.4;9;0;0;5.2;-999;4.9;12;989.7;14.3;74;19.1;8.2;5.2;eor;8.732;;;;;;
05.10.2020;10;8.1;3;9;0;4;2.6;-999;6.3;12.1;995.3;12.4;83;17.5;6.7;4.5;eor;6.379;;;;;;
06.10.2020;10;10;3.5;9;0;4;3.9;-999;5.7;11.8;993;11.9;85;14.7;8.6;7.2;eor;7.389;;;;;;
07.10.2020;10;8.6;3.6;9;3.8;4;1.3;-999;6.6;12.4;998.1;12.1;88;14.8;9.9;8.9;eor;5.097;;;;;;
08.10.2020;10;11.3;5;9;9.5;4;1.1;-999;7.7;12.5;1004.4;12;89;14.1;10.4;9.7;eor;4.849;;;;;;
09.10.2020;10;14.8;3.7;9;0;0;3.4;-999;7;12.2;1007.2;12.3;86;15.2;8.8;7.1;eor;6.661;;;;;;
10.10.2020;10;13.4;4;9;0.5;4;2.1;-999;5.5;10.2;1007.1;9.7;84;12.5;6;3.9;eor;5.504;;;;;;
11.10.2020;10;8.7;3.1;9;0.9;4;3.7;-999;5.5;9;1008;8;84;12;4.4;2.8;eor;6.704;;;;;;
12.10.2020;10;7.6;3.2;9;0;0;1.9;-999;5.5;10.1;1007.8;8.6;90;12.3;4.9;0.9;eor;5.171;;;;;;
13.10.2020;10;10.9;2.9;9;0.7;4;0.6;-999;6.8;9.6;1007.5;7.3;93;12.5;0;-1.2;eor;4.065;;;;;;
14.10.2020;10;18.5;8.9;9;18.5;4;0;-999;7.6;10.9;1003.6;10.1;88;11.5;9.2;8.4;eor;3.527;;;;;;
15.10.2020;10;13.3;6.2;9;0.6;4;0;-999;7.6;11;1009.3;9.3;94;10;7.8;6.1;eor;3.462;;;;;;
16.10.2020;10;7.7;3.6;9;1.3;4;0.4;-999;7.8;10.1;1012;8.7;90;11.3;7.3;5.5;eor;3.701;;;;;;
17.10.2020;10;6.2;2.1;9;0.7;4;1.1;-999;7.4;10.1;1009.8;7.9;95;11.8;4.6;3.3;eor;4.159;;;;;;
18.10.2020;10;13.2;5.3;9;0.3;4;1.8;-999;6;9;1006.6;7.5;86;11.3;3.5;0.1;eor;4.605;;;;;;
19.10.2020;10;9.8;3.4;9;0;0;5.6;-999;5.1;8.8;1012.1;7.3;86;11.6;3.8;0.1;eor;7.308;;;;;;
20.10.2020;10;9.6;3.4;9;3.5;4;0.7;-999;7.8;9.6;1006.4;8.3;87;10.7;4.5;3;eor;3.654;;;;;;
21.10.2020;10;13.4;4;9;0.2;4;0;-999;6.9;12.4;998.9;12.3;87;16;10.6;10.1;eor;3.088;;;;;;
22.10.2020;10;16.8;6.1;9;1.6;4;5.4;-999;4.2;13.7;1000.7;15.7;77;18;12.5;10.7;eor;6.836;;;;;;
23.10.2020;10;8;3.3;9;4.1;4;4.5;-999;6.2;13;1002.2;11.9;93;14.5;9.1;7;eor;6.103;;;;;;
24.10.2020;10;12.8;4.4;9;0;4;2.2;-999;7.3;12.8;1002.6;12.5;89;14.8;9.4;8.8;eor;4.425;;;;;;
25.10.2020;10;10.3;4;9;0;0;2.7;-999;7.7;11.9;998.2;13;80;15;10.2;9;eor;4.688;;;;;;
26.10.2020;10;5.9;2.2;9;2.4;4;0.1;-999;7.9;12;994.9;10.9;92;12.5;9.1;7.6;eor;2.866;;;;;;
27.10.2020;10;8.9;3.7;9;0;4;2.3;-999;6.7;9.9;998.3;9.2;85;12.1;7.2;6;eor;4.266;;;;;;
28.10.2020;10;11.5;4.2;9;4.1;4;3;-999;7.1;10.3;999.2;10.2;83;13.9;8.3;7.1;eor;4.65;;;;;;
29.10.2020;10;14.1;5.4;9;2.2;4;1.4;-999;6.9;10.2;1001.7;9.2;87;11;6.8;5.2;eor;3.54;;;;;;
30.10.2020;10;8.4;3.6;9;6.3;4;0;-999;7.8;12.5;1006.1;10.3;98;13.4;6.7;5;eor;2.584;;;;;;
31.10.2020;10;7.3;2.5;9;0.9;4;3.1;-999;7.6;14.8;1011.2;13.8;94;16.6;12.7;11.1;eor;4.482;;;;;;
01.11.2020;10;9.4;3.4;9;2.2;4;0.1;-999;7.7;13.7;1004.1;12.6;94;14.3;11;10.7;eor;2.545;;;;;;
02.11.2020;10;14;5.3;9;0.6;4;0.2;-999;7.3;16.5;999.3;16.4;89;18.6;13.6;12.7;eor;2.556;;;;;;
03.11.2020;10;11.8;4.2;9;0;0;6.3;-999;5;9.8;1011.2;10.3;78;13.7;8;6.5;eor;6.195;;;;;;
04.11.2020;10;12.3;4.9;9;0;0;5.9;-999;3.4;8.7;1019.3;7.6;84;10.5;5.5;3.2;eor;5.86;;;;;;
05.11.2020;10;11.1;5.3;9;0;0;4.5;-999;4.1;9.3;1025;7.8;88;10.8;3.9;2;eor;4.943;;;;;;
06.11.2020;10;10.6;4.9;9;0;4;0;-999;7.8;11.9;1023.7;10.4;94;11.4;9.5;9.2;eor;2.247;;;;;;
07.11.2020;10;7.7;2.4;9;0;0;3.4;-999;4.2;9.9;1019;7.6;94;9.8;3.1;0.4;eor;4.155;;;;;;
08.11.2020;10;6.9;2.7;9;0;4;0;-999;5.3;8.3;1017.6;4.1;100;5.7;0.2;-1.3;eor;2.16;;;;;;
09.11.2020;10;7.3;4;9;0;4;0;-999;8;8.4;1019.9;5.1;95;5.4;4.6;4.7;eor;2.118;;;;;;
10.11.2020;10;7.5;3.5;9;0.1;4;0;-999;8;8.5;1021.2;4.8;98;5.7;4.3;4.1;eor;2.077;;;;;;
11.11.2020;10;5.7;2.3;9;0;4;0;-999;8;8;1018.5;5.2;90;6;4.4;4.2;eor;2.037;;;;;;
12.11.2020;10;6.5;2.8;9;0.1;4;1.3;-999;7.3;9;1011.5;6.9;90;9.5;4.8;4.6;eor;2.699;;;;;;
13.11.2020;10;6.9;2.9;9;0;0;3.3;-999;7.5;9.9;1009.6;7.8;93;10.3;6.1;3.8;eor;3.716;;;;;;
14.11.2020;10;6.1;2.9;9;0;4;0;-999;8;12;1008.5;10.5;94;12.4;7.8;6.8;eor;1.924;;;;;;
15.11.2020;10;10.9;3.5;9;0.1;4;2.1;-999;7.8;10.4;1002.8;10.6;81;12.7;8.3;7;eor;2.978;;;;;;
16.11.2020;10;12;4.9;9;0.1;4;2.9;-999;7;9.7;1002.6;10;79;12.1;8.1;6.7;eor;3.34;;;;;;
17.11.2020;10;9.5;4.9;9;0.8;4;0.1;-999;7.6;11.2;1012.1;10.1;91;11.3;8.6;7;eor;1.871;;;;;;
18.11.2020;10;10.4;5.3;9;0;4;0;-999;6.5;11.3;1012.6;10.9;87;12.2;9.3;7.4;eor;1.787;;;;;;
19.11.2020;10;21.9;7.8;9;0.5;4;0.9;-999;5.8;8.4;1004.9;8.3;76;11.6;2.5;0.7;eor;2.201;;;;;;
20.11.2020;10;10.7;4.5;9;0;0;5.6;-999;2;6.5;1020;2.9;87;5.4;0.9;-2.9;eor;4.464;;;;;;
21.11.2020;10;14.5;5.8;9;0.3;4;0;-999;7.5;7.3;1018.1;4.2;89;7.9;1.3;-0.1;eor;1.696;;;;;;
22.11.2020;10;14;6.4;9;2;4;0.6;-999;6.5;9.1;1011.1;7.4;88;9.3;5.1;3.2;eor;1.955;;;;;;
23.11.2020;10;11.8;5.2;9;0;4;4.3;-999;5.4;8;1014.3;5.4;90;8.1;3.6;1.9;eor;3.674;;;;;;
24.11.2020;10;10.5;4.5;9;0;0;1.9;-999;7.6;7.8;1014.7;5;90;6.9;3;0.7;eor;2.504;;;;;;
25.11.2020;10;7.3;2.7;9;0;0;0;-999;8;6.7;1010.6;1.4;100;3.3;0.2;-0.2;eor;1.589;;;;;;
26.11.2020;10;7.9;4;9;0.4;4;0;-999;7.8;8.5;1010.1;4.6;99;7.8;2.3;1.2;eor;1.565;;;;;;
27.11.2020;10;5.3;2.5;9;0;0;0;-999;8;7.8;1013.6;3.3;100;4.6;1;-0.3;eor;1.542;;;;;;
28.11.2020;10;4.7;1.6;9;0.4;4;1.9;-999;6;6.9;1017;2.1;96;5.6;-0.1;-3;eor;2.374;;;;;;
29.11.2020;10;7.9;3.2;9;0.1;4;1;-999;6.7;6.6;1017.9;2.1;92;4.4;-1.1;-3.6;eor;1.945;;;;;;
30.11.2020;10;8.5;3;9;0.1;4;0;-999;7.8;5.8;1013.4;1;88;1.8;0.1;-1.2;eor;1.479;;;;;;
01.12.2020;10;7.4;2.6;9;0;4;0;-999;7.9;6.2;1008.9;2.1;88;3.1;1.3;0.8;eor;1.46;;;;;;
02.12.2020;10;8.4;2.7;9;0;0;0.1;-999;7.8;6.1;1011.2;1.2;92;2.1;-1.6;-3;eor;1.486;;;;;;
03.12.2020;10;9.5;4.3;9;0;4;0;-999;6.9;4.8;997.5;-0.9;84;0.4;-2;-3.4;eor;1.425;;;;;;
04.12.2020;10;10.3;4;9;0;4;0.3;-999;7.4;5.4;988.1;-0.3;90;2.2;-2.8;-4.1;eor;1.538;;;;;;
05.12.2020;10;10.2;3.3;9;0;0;1.5;-999;7.5;6.4;992.5;2.6;87;6.6;-0.9;-3.2;eor;2.032;;;;;;
06.12.2020;10;12.8;4.6;9;0;4;0.9;-999;7.8;8;994.3;5;91;8.2;0.2;-1.1;eor;1.761;;;;;;
07.12.2020;10;13.1;5.7;9;0;4;0;-999;8;7.7;994;5.1;87;6.7;3.9;2.4;eor;1.368;;;;;;
08.12.2020;10;8.8;4.4;9;0;4;0;-999;8;6.9;1000;3;91;4.3;1.5;1.4;eor;1.356;;;;;;
09.12.2020;10;9;4.9;9;0;4;0;-999;8;6;1003.3;1.1;91;2.1;0.1;0.1;eor;1.345;;;;;;
10.12.2020;10;8.2;4;9;0;4;0;-999;8;5.5;1001.7;-1.3;99;0.1;-1.8;-1.6;eor;1.336;;;;;;
11.12.2020;10;10.5;5;9;0;4;0;-999;8;5.5;995.8;-1.1;98;-0.1;-1.6;-1.6;eor;1.327;;;;;;
12.12.2020;10;9.3;4.4;9;0;0;0.2;-999;7.7;6.4;994.6;1.5;94;2.5;-0.1;-0.2;eor;1.401;;;;;;
13.12.2020;10;4.7;1.5;9;0;0;0;-999;8;6.3;1002.9;0.8;98;1.8;0;0.1;eor;1.312;;;;;;
14.12.2020;10;9.8;3.4;9;0.2;4;0.1;-999;7.9;7.9;1004.3;4.8;92;7.4;1.4;1.4;eor;1.347;;;;;;
15.12.2020;10;8.2;3.3;9;1;4;0;-999;7.8;7.8;1003.3;5.8;84;7;4.2;2.8;eor;1.302;;;;;;
16.12.2020;10;8.4;2.6;9;0;0;0;-999;7.3;9.3;1011.3;6.8;94;7.6;4.3;2.1;eor;1.298;;;;;;
17.12.2020;10;10.2;4.5;9;0.7;4;1.3;-999;7.8;8.6;1010.5;6.4;89;7.9;4.4;3.4;eor;1.821;;;;;;
18.12.2020;10;7.5;3.3;9;0;0;4.6;-999;6.3;8.6;1014;6.1;91;8.7;3.1;1;eor;3.193;;;;;;
19.12.2020;10;9.9;3.7;9;0;0;5.8;-999;5.4;6.9;1010.8;3.1;91;5.8;0.8;-1;eor;3.676;;;;;;
20.12.2020;10;8.2;3.2;9;4.2;4;1.1;-999;7.8;6.9;1011.3;3.6;87;4.6;2.4;1.2;eor;1.737;;;;;;
21.12.2020;10;8.4;3.5;9;6;4;4.2;-999;5.5;8.4;1010.9;5.2;95;7.1;3.7;2.3;eor;3.032;;;;;;
22.12.2020;10;13.2;5.4;9;8.3;4;0;-999;7.8;9.8;999.9;7.5;93;12.3;4.6;3.9;eor;1.296;;;;;;
23.12.2020;10;7.8;2.8;9;16.4;4;0.2;-999;7.7;7.9;1003.1;4.4;95;6.2;1.8;-0.4;eor;1.38;;;;;;
24.12.2020;10;11;4.4;9;10.5;4;0;-999;7.8;7.6;996.3;3.6;96;4.4;2.1;1.8;eor;1.303;;;;;;
25.12.2020;10;10.1;4.4;9;0;4;0.4;-999;7.5;6.2;1008.5;2.1;87;2.9;0;-2.5;eor;1.471;;;;;;
26.12.2020;10;12.8;4.3;9;0;4;0;-999;7.8;5.9;1008.2;1.2;88;3;-0.5;-2;eor;1.314;;;;;;
27.12.2020;10;17.5;7;9;0;4;0;-999;8;4.6;987.1;1.9;66;2.9;1.1;0.2;eor;1.321;;;;;;
28.12.2020;10;11.4;4.3;9;3.8;4;0.5;-999;8;5.8;976;1.7;84;3.6;-1.3;-2.3;eor;1.535;;;;;;
29.12.2020;10;9.6;3.1;9;0;4;1.5;-999;7.1;6.5;979.1;1.5;95;3.5;0.2;-0.5;eor;1.959;;;;;;
30.12.2020;10;9.9;4;9;0;4;5.3;-999;5;6.2;991.1;2.6;85;4.4;1.1;-0.4;eor;3.593;;;;;;
31.12.2020;10;7.1;2.9;9;0.3;4;1.6;-999;7.6;6.3;996.1;2.4;87;3.9;0.8;0.2;eor;2.028;;;;;;
01.01.2021;10;7.5;2.3;9;1.2;4;0;-999;7.9;6.5;998.4;1.5;96;2.6;0.6;-0.3;eor;1.359;;;;;;
02.01.2021;10;6.9;2.7;9;0;4;0;-999;7.9;6.8;1005.5;2;97;3.2;0.1;-1.6;eor;1.372;;;;;;
03.01.2021;10;13.8;6.8;9;12.7;4;0;-999;7.5;6.5;1009.5;1.4;96;2;0.4;0.1;eor;1.385;;;;;;
04.01.2021;10;11.8;6.3;9;0.9;4;0;-999;7.5;6.6;1010.2;1.4;97;2.2;0.8;0.4;eor;1.399;;;;;;
05.01.2021;10;11.4;5.8;9;4.6;4;0;-999;7.8;7;1009.4;2.7;94;3.8;1.2;0.7;eor;1.414;;;;;;
06.01.2021;10;10.9;3.1;9;1.6;4;0;-999;7.6;6.5;1002;1;99;3.2;0.2;0;eor;1.43;;;;;;
07.01.2021;10;4.3;2.2;9;2.4;4;0;-999;7.9;6.4;1000;0.7;99;1.2;0.3;0;eor;1.447;;;;;;
08.01.2021;10;4.9;2.1;9;0.2;4;0;-999;7.8;6;1002.7;0.1;97;1;-1.5;-3.1;eor;1.466;;;;;;
09.01.2021;10;4.8;2.3;9;0;0;0;-999;7;6.3;1010.8;0.4;99;2.9;-2.6;-5.6;eor;1.485;;;;;;
10.01.2021;10;10.2;4.2;9;0.3;4;0.2;-999;7.9;5.6;1013.3;0;92;1;-2.6;-3.6;eor;1.595;;;;;;
11.01.2021;10;12.4;5.9;9;2.7;4;0;-999;7.6;6.5;1004.8;1.5;96;2.3;0.5;0;eor;1.527;;;;;;
12.01.2021;10;14.7;4.8;9;2.1;4;0.2;-999;6.3;6.5;992.7;1.5;95;2.9;-0.2;-1.8;eor;1.64;;;;;;
13.01.2021;10;14.7;7.1;9;5.6;4;0;-999;7;6.1;993.5;1.1;92;3.1;-0.2;-2.1;eor;1.572;;;;;;
14.01.2021;10;11.6;4.9;9;2;4;0.1;-999;7.3;6.2;1006.3;0.8;95;1.7;-0.2;-1.5;eor;1.643;;;;;;
15.01.2021;10;10.7;4.5;9;0.1;4;0.3;-999;7.7;4.5;1015.1;-1.7;82;0.2;-3.6;-4.3;eor;1.764;;;;;;
16.01.2021;10;9.2;3.3;9;0;0;1.1;-999;7.6;4.2;1013.5;-2.9;85;-1.7;-5.6;-9.7;eor;2.172;;;;;;
17.01.2021;10;4.4;1.8;9;0;4;0;-999;7.3;4.4;1011.4;-3.2;91;-1;-6.5;-9.8;eor;1.677;;;;;;
18.01.2021;10;8;3.1;9;4.7;4;0;-999;7.8;5.1;1008.6;-2;94;2.3;-5.4;-6.5;eor;1.706;;;;;;
19.01.2021;10;8.4;3.9;9;6.6;4;0;-999;7.6;6.9;997.8;2.1;98;4.9;0.8;0.2;eor;1.735;;;;;;
20.01.2021;10;12.1;5.4;9;0.4;4;0.1;-999;7.8;7.8;991.5;6.3;81;7.7;4.4;3.6;eor;1.816;;;;;;
21.01.2021;10;16.5;5.5;9;1;4;2.2;-999;7.5;6.8;985.6;7.5;65;11.5;5.1;3.4;eor;2.906;;;;;;
22.01.2021;10;18;5.7;9;0;4;0.2;-999;6.7;7.5;982.5;6;79;9.9;1.5;-0.8;eor;1.933;;;;;;
23.01.2021;10;6.3;1.9;9;0;0;0;-999;7.6;6.1;988.2;1;93;2.5;-1.7;-4.2;eor;1.865;;;;;;
24.01.2021;10;5;1.8;9;1.7;4;0;-999;7.5;6.2;988.3;0.5;98;2.7;-2.2;-2.9;eor;1.901;;;;;;
25.01.2021;10;6.2;3;9;0;4;0;-999;7.8;6.2;993.4;0.7;96;1.6;-0.9;-1.9;eor;1.937;;;;;;
26.01.2021;10;9.7;3.9;9;0.9;4;0;-999;6.6;5.7;1001.6;-0.3;94;1.2;-2;-4;eor;1.974;;;;;;
27.01.2021;10;8;3.3;9;0.2;4;0;-999;7.4;5.8;1002.6;0.5;92;2.4;-1.5;-3.6;eor;2.013;;;;;;
28.01.2021;10;9.3;4.4;9;0;4;1.4;-999;7.1;5.2;995.2;-0.5;87;1.7;-6;-8.6;eor;2.821;;;;;;
29.01.2021;10;6.1;2.7;9;1.3;4;2.2;-999;7.6;4.6;990.9;-2.3;89;0.6;-5.6;-9.1;eor;3.317;;;;;;
30.01.2021;10;7.8;2.9;9;0;4;4.7;-999;4.7;4.5;994.1;-2.3;87;-0.6;-6.3;-14.2;eor;4.783;;;;;;
31.01.2021;10;10.4;4.3;9;0;4;1.3;-999;4.8;4;995.8;-3.4;84;-0.3;-6.4;-11.4;eor;2.919;;;;;;
01.02.2021;10;9.5;3.8;9;0.1;4;1.4;-999;7.7;3.4;992;-3.6;75;-0.5;-8.5;-11.4;eor;3.031;;;;;;
02.02.2021;10;6.5;2.8;9;0.7;4;0;-999;7.8;5;993.3;-1;88;-0.1;-2;-2.2;eor;2.265;;;;;;
03.02.2021;10;11.2;5.4;9;9.5;4;0;-999;7.9;5.9;991.2;-0.3;98;0.4;-1.3;-1.5;eor;2.311;;;;;;
04.02.2021;10;12.3;4.4;9;0;4;0.2;-999;7.9;5.4;1004.1;0;88;1.3;-1.1;-1.7;eor;2.478;;;;;;
05.02.2021;10;10.5;5.6;9;0;0;0;-999;8;4.6;1011.9;-1;81;0.3;-2.6;-3;eor;2.406;;;;;;
06.02.2021;10;11.3;6.8;9;0;0;5.1;-999;5.2;3.4;1012.9;-3.3;71;-0.6;-6.6;-7.8;eor;5.606;;;;;;
07.02.2021;10;19.4;9.8;9;0;0;0;-999;8;2.5;1006.9;-6.3;65;-4.6;-8;-8.3;eor;2.505;;;;;;
08.02.2021;10;15.3;8.3;9;0.8;4;0.3;-999;7.8;2.5;998.2;-7.8;73;-5.9;-9.4;-10;eor;2.746;;;;;;
09.02.2021;10;5.9;2.4;9;0.1;4;0;-999;7.8;2.9;998.3;-7.9;87;-5.4;-9.6;-5.4;eor;2.608;;;;;;
10.02.2021;10;8.4;1.8;9;0.3;4;3.9;-999;7.2;3.2;1003.3;-7.5;90;-3.6;-13.9;-10.3;eor;5.2;;;;;;
11.02.2021;10;8.3;4;9;0.6;4;0.7;-999;7.1;3.8;1018;-4.9;89;-3;-7.7;-6.1;eor;3.176;;;;;;
12.02.2021;10;7.1;3.2;9;0;4;7;-999;2.2;2.9;1027.1;-8;86;-3.7;-12.7;-11.7;eor;7.447;;;;;;
13.02.2021;10;5.2;2.6;9;0;0;7.3;-999;1;3.4;1031.2;-6.8;91;-1.2;-11.9;-12.3;eor;7.767;;;;;;
14.02.2021;10;6.8;3.5;9;0;0;2.9;-999;5.5;3.9;1031.9;-5;92;-2.7;-10.4;-14.7;eor;4.871;;;;;;
15.02.2021;10;11.7;3.7;9;5.7;4;1.9;-999;7.7;3.4;1022.1;-3.6;73;0.5;-10.4;-12.4;eor;4.26;;;;;;
16.02.2021;10;7.5;2.7;9;0.7;4;0;-999;7.9;6;1008.6;0.1;97;2.5;-2.9;-1.1;eor;2.999;;;;;;
17.02.2021;10;8;4;9;3.3;4;0;-999;7.8;7.9;1004.2;3.8;98;5;2.2;0;eor;3.058;;;;;;
18.02.2021;10;10;3.2;9;4.7;4;4.8;-999;7.8;8.3;1007.6;5.2;94;10.3;2.5;1.5;eor;6.581;;;;;;
19.02.2021;10;10.3;4.3;9;0;0;1.2;-999;7.8;7.7;1006.6;4.9;89;7.4;1.4;-2;eor;4.057;;;;;;
20.02.2021;10;8.2;3.2;9;0;0;6.4;-999;7.9;7.3;1010.2;6.1;78;11.7;1.4;-0.7;eor;7.975;;;;;;
21.02.2021;10;8.2;3.1;9;0;0;9.2;-999;3.8;8.2;1009.3;9;72;14.6;4.9;2;eor;10.192;;;;;;
22.02.2021;10;7.4;3.1;9;0;0;9.4;-999;1;7.5;1012.9;8.5;69;15.9;2.5;0.5;eor;10.492;;;;;;
23.02.2021;10;7.2;3.4;9;0;0;3.2;-999;6;9.3;1020.9;11.5;69;17.3;6.6;3.4;eor;5.888;;;;;;
24.02.2021;10;11.2;4.1;9;0;0;7.9;-999;6;10.7;1021.1;13.2;71;18.3;9;5.4;eor;9.631;;;;;;
25.02.2021;10;9.3;3.4;9;0.5;4;8.3;-999;1.7;10.4;1017.1;11.6;77;17.8;6;1.6;eor;10.085;;;;;;
26.02.2021;10;14.7;5.9;9;0;0;3.6;-999;7;8.1;1019.6;7;81;9.7;4.9;2.4;eor;6.494;;;;;;
27.02.2021;10;13.3;5.5;9;0;0;5.3;-999;5.3;7.5;1026.8;5.1;85;8.8;2.3;0;eor;7.962;;;;;;
28.02.2021;10;9.7;4.6;9;0;0;2.1;-999;6.4;7.8;1027;4.4;93;8.7;1.5;-0.5;eor;5.477;;;;;;
01.03.2021;10;7.3;3.5;9;0;0;5.7;-999;3.9;7.2;1026.6;4.7;85;8.4;0.4;-3;eor;8.527;;;;;;
02.03.2021;10;4.6;2.5;9;0;4;4.7;-999;3.5;7.1;1025.3;3.2;93;10.9;-2.4;-3.4;eor;7.818;;;;;;
03.03.2021;10;8.9;2.9;9;0;4;8.9;-999;4.6;7;1017;4.9;81;13.8;-4.1;-5.7;eor;11.465;;;;;;
04.03.2021;10;11.1;4.7;9;0.1;4;0;-999;7.7;6.7;1009.5;2.5;92;5.1;-2.2;-6.2;eor;4.049;;;;;;
05.03.2021;10;10.3;3.8;9;0;0;9.7;-999;0.7;4.4;1017;0.6;72;6.5;-4.5;-8.3;eor;12.461;;;;;;
06.03.2021;10;17.4;5.3;9;0;0;1.9;-999;5.1;5.4;1019.8;1.2;80;4.3;-3.6;-8;eor;5.844;;;;;;
07.03.2021;10;14.1;7.1;9;1;4;0.1;-999;7.5;5.8;1011;2.6;79;5.9;-2;-5.2;eor;4.353;;;;;;
08.03.2021;10;7.3;2.9;9;0;0;10.3;-999;3.5;4.1;1013.8;-0.5;71;4.6;-4.9;-9.4;eor;13.48;;;;;;
09.03.2021;10;6.6;-999;9;0;0;10.4;-999;3.3;3.6;1012.1;-0.5;62;5.3;-6.1;-9.1;eor;13.738;;;;;;
10.03.2021;10;8.2;3;9;0.7;4;10.1;-999;5.1;3.5;1009.8;1.5;54;7.2;-6.7;-10.5;eor;13.636;;;;;;
11.03.2021;10;19.6;6.6;9;7.6;4;0.6;-999;7;7.5;988.9;5.6;81;10.5;2.1;1;eor;5.11;;;;;;
12.03.2021;10;17.8;7.5;9;0.2;4;2.6;-999;7.3;6.8;991;6.6;71;9.3;4.1;2.6;eor;7.039;;;;;;
13.03.2021;10;17.6;6.3;9;4.9;4;1.3;-999;7.5;7.5;984.8;5.4;84;8.2;3.5;2.5;eor;5.925;;;;;;
14.03.2021;10;18.9;7.3;9;1.1;4;1.4;-999;7.5;7.3;990.9;4.5;87;8.2;3.1;1.4;eor;6.106;;;;;;
15.03.2021;10;12.4;4.7;9;4.1;4;0.3;-999;7.8;7.5;996.4;4.1;91;6.3;2.1;0.3;eor;5.149;;;;;;
16.03.2021;10;11.3;4.7;9;0.1;4;0.5;-999;7.5;6.6;1007.2;3;87;4.8;-1.1;-3.6;eor;5.42;;;;;;
17.03.2021;10;9.1;2.8;9;0.2;4;4;-999;4.9;6.3;1013.7;2.5;87;7.4;-1.8;-4.1;eor;8.892;;;;;;
18.03.2021;10;9.2;3;9;0.1;4;4.2;-999;6.8;5.7;1012.3;2;83;7.1;-1.4;-4.8;eor;9.199;;;;;;
19.03.2021;10;13.7;4.7;9;1.1;4;2.7;-999;5.9;4.8;1015.5;-0.7;82;3.8;-4.7;-8;eor;7.834;;;;;;
20.03.2021;10;13.3;5.6;9;1.7;4;0.2;-999;7.9;4.5;1015.5;0.6;71;3.4;-3.2;-4.2;eor;5.448;;;;;;
21.03.2021;10;13.1;6.8;9;0.5;4;4.5;-999;6.5;6.7;1004.1;4.8;78;8.9;-1.7;-4.9;eor;9.841;;;;;;
22.03.2021;10;9.1;4.1;9;0.2;4;8.4;-999;7;5.7;1010.4;4.3;70;9.9;-2.9;-5.8;eor;13.903;;;;;;
23.03.2021;10;8.2;4.4;9;0;0;0;-999;7.9;7.7;1013.8;5.4;86;6.8;4.3;3.6;eor;5.482;;;;;;
24.03.2021;10;10.2;3.4;9;0;0;0.5;-999;6.6;7.3;1013.3;6.9;74;10.1;4.9;0.7;eor;6.074;;;;;;
25.03.2021;10;6.4;2.6;9;0;4;6.7;-999;6;8.3;1010.8;8;78;13.3;1.7;-1.2;eor;12.584;;;;;;
26.03.2021;10;7.9;2.8;9;0;0;5.8;-999;4;8.5;1009.6;9.8;72;15.4;6;2.6;eor;11.776;;;;;;
27.03.2021;10;17.5;5.7;9;2.6;4;2.8;-999;6.8;7.8;1006.6;6.5;81;9.8;2.3;0.5;eor;8.742;;;;;;
28.03.2021;10;12.9;5;9;1.9;4;2.5;-999;6.7;7.7;1015.8;6.3;81;11.5;1.4;-0.2;eor;8.524;;;;;;
29.03.2021;10;13.4;5.2;9;0;4;4.3;-999;7;10.3;1016.7;11.7;75;17.3;8.8;5;eor;10.545;;;;;;
30.03.2021;10;9.5;3.9;9;0;0;11.7;-999;3.1;11.8;1020;13.8;76;20.4;8.3;1.9;eor;18.621;;;;;;
31.03.2021;10;6.3;2.1;9;0;4;11.8;-999;2.3;8.7;1014;14;59;22.2;4.7;-0.3;eor;18.897;;;;;;
01.04.2021;10;9.7;4;9;0;4;0.5;-999;7.6;8.8;1009.7;7.7;84;13.6;-0.3;-3.9;eor;6.729;;;;;;
02.04.2021;10;13.5;4.8;9;0.2;4;3.6;-999;5.7;6.7;1010.7;4.1;83;8.6;-1.4;-4.6;eor;10.217;;;;;;
03.04.2021;10;12.3;4.9;9;0;0;10.1;-999;2;5.4;1013.5;4;67;8.3;-0.4;-5.9;eor;17.512;;;;;;
04.04.2021;10;13.3;5.7;9;0;4;5.6;-999;4.4;6.3;1009.2;4.4;75;9.9;-1.9;-6.2;eor;12.651;;;;;;
05.04.2021;10;22.4;9;9;3.4;4;3.8;-999;6.9;6;990;3;80;5.7;0.1;-1.5;eor;10.751;;;;;;
06.04.2021;10;17.4;6.8;9;0.6;4;7.9;-999;5.9;5.5;993.7;1.5;81;5.8;-0.9;-1.9;eor;15.477;;;;;;
07.04.2021;10;14;6.5;9;1.8;4;0.8;-999;6.5;6;998.1;2;86;4.9;-1.1;-2.7;eor;7.553;;;;;;
08.04.2021;10;13.9;7.2;9;0.4;4;0.6;-999;7.7;5.9;1007.8;3.9;74;7.1;1;0.2;eor;7.406;;;;;;
09.04.2021;10;15.2;5.7;9;0.1;4;5.7;-999;7.9;6.3;1004;6.7;65;12.6;2.5;1;eor;13.34;;;;;;
10.04.2021;10;7.6;2.7;9;6.9;4;4.4;-999;7.5;6.4;1007;5.5;73;9.6;1.9;-1.1;eor;11.951;;;;;;
11.04.2021;10;11.4;5.3;9;2.7;4;3;-999;7.6;9.5;1002.3;8.7;84;16.5;2.4;1.8;eor;10.429;;;;;;
12.04.2021;10;11.9;4.9;9;0;4;2.3;-999;6.7;6.4;1013;4.4;77;8.2;1;-1.5;eor;9.706;;;;;;
13.04.2021;10;15.4;4.8;9;0.2;4;7.2;-999;5;6.2;1018;3.2;81;9.3;-0.4;-1.9;eor;15.543;;;;;;
14.04.2021;10;8.2;3.8;9;0;4;7.2;-999;5.4;5.6;1018.8;3.4;73;9.5;-1.7;-4.4;eor;15.66;;;;;;
15.04.2021;10;13.1;5.4;9;0;0;0.9;-999;8;5.4;1019.8;4.2;67;8;-0.8;-4.2;eor;8.309;;;;;;
16.04.2021;10;11.9;5.3;9;0;4;3;-999;8;6.1;1017;5.6;67;9.3;1.9;-0.1;eor;10.887;;;;;;
17.04.2021;10;11.3;4.7;9;0.3;4;7.9;-999;6.3;7.9;1013.9;7.4;77;13.7;1.4;-1.8;eor;16.84;;;;;;
18.04.2021;10;7.9;3.4;9;1.3;4;0.6;-999;7.2;9.1;1013.2;6.5;94;11.2;3;0.9;eor;8.179;;;;;;
19.04.2021;10;9.3;3.4;9;0;0;10.6;-999;4;8.8;1012.2;8.1;83;15.8;2.2;-0.9;eor;20.328;;;;;;
20.04.2021;10;8.5;3;9;0;0;13.1;-999;0;8.1;1007.8;8.5;75;16;1;-2.2;eor;23.487;;;;;;
21.04.2021;10;12.8;5.2;9;0;4;8.4;-999;2.9;7.5;1005;7.9;70;15.5;1.9;-2.4;eor;17.899;;;;;;
22.04.2021;10;16.1;7.3;9;0.6;4;4.2;-999;5.2;6.5;1008.7;6;71;10.7;2.9;1.1;eor;12.874;;;;;;
23.04.2021;10;13.7;5.7;9;0;0;10.6;-999;4.1;6.5;1014.7;6.9;68;12.2;1.9;-0.9;eor;20.821;;;;;;
24.04.2021;10;10.8;4;9;0;0;6.1;-999;5;6.3;1015.7;6;68;11.7;0.3;-5.1;eor;15.392;;;;;;
25.04.2021;10;12.9;3.9;9;0;4;6.3;-999;5.5;4.9;1015.4;4.7;59;9.8;-1.1;-6.2;eor;15.735;;;;;;
26.04.2021;10;10.2;2.7;9;0.4;4;6;-999;3.5;5.5;1012.7;3.1;73;8.5;-1.8;-7.7;eor;15.457;;;;;;
27.04.2021;10;10.4;3.4;9;0;0;13.5;-999;0.3;5.2;1007.9;4.9;64;11.9;-2.7;-7.7;eor;24.895;;;;;;
28.04.2021;10;9.9;4.6;9;0;0;10.3;-999;3.5;6;1001.1;8.6;57;16.3;-1.2;-4.6;eor;21.015;;;;;;
29.04.2021;10;12.9;3.3;9;2.5;4;0.1;-999;7.4;8.9;994.4;7.8;83;10.5;6;2.6;eor;8.325;;;;;;
30.04.2021;10;12.9;4.9;9;0;0;0;-999;6.9;8.3;1002.7;6.1;88;8.8;1.6;-2.1;eor;8.262;;;;;;
01.05.2021;10;7.5;3.1;9;0.2;4;0;-999;7.6;8.6;1005.9;6;92;9.5;1.4;-0.4;eor;8.324;;;;;;
02.05.2021;10;6.2;2.1;9;8.1;4;0;-999;7.8;8.9;1003.8;6.4;92;10.8;2.3;-0.2;eor;8.385;;;;;;
03.05.2021;10;15.8;4.8;9;2.2;4;3.5;-999;7.1;8.1;1006.6;6.8;82;10.4;5;2.7;eor;12.89;;;;;;
04.05.2021;10;19;6.1;9;1.3;4;0.8;-999;6.4;8.1;990.8;9.1;70;14;4.8;3.5;eor;9.523;;;;;;
05.05.2021;10;21.4;10.2;9;1;4;1.6;-999;7.2;7.6;987.5;8;71;11.7;4.9;3.4;eor;10.606;;;;;;
06.05.2021;10;17.4;7.5;9;0;4;7.8;-999;6.3;6.2;995.2;7.3;61;12;3.9;-1.5;eor;18.606;;;;;;
07.05.2021;10;12.3;3.9;9;0.2;4;3.5;-999;6.4;7;1000.5;5.8;76;10.3;0.8;-3.7;eor;13.169;;;;;;
08.05.2021;10;10.4;4.2;9;0.1;4;8.9;-999;4.6;6.8;1007.5;8.8;63;13.4;2.5;-0.5;eor;20.182;;;;;;
09.05.2021;10;12.7;4.2;9;0;0;9.8;-999;7;10.2;1000.4;17.5;51;25.1;9.2;7.2;eor;21.424;;;;;;
10.05.2021;10;14.7;4.4;9;0.1;4;12.7;-999;5.5;13.2;998.8;20.5;57;28.2;11.8;9.8;eor;25.253;;;;;;
11.05.2021;10;12.7;4.3;9;2.5;4;10.2;-999;7;14.6;998.1;16.1;81;21.9;11.1;9.1;eor;22.103;;;;;;
12.05.2021;10;8.3;4.3;9;0.1;4;0;-999;8;13.5;999;12.9;91;14.9;11;11;eor;8.944;;;;;;
13.05.2021;10;9.5;4.5;9;0.4;4;0;-999;8;13.3;996.4;11.3;99;12.4;10.5;10.5;eor;8.994;;;;;;
14.05.2021;10;9.7;4.7;9;1.2;4;0;-999;7.8;12.1;996;10;98;11.6;8;7.5;eor;9.044;;;;;;
15.05.2021;10;8.8;3.5;9;5.9;4;6.4;-999;6.3;11.4;997;10.9;88;17.1;6.6;5.1;eor;17.444;;;;;;
16.05.2021;10;11.2;2.8;9;3;4;5.5;-999;6;11.4;993.6;11.8;84;16.5;7.6;5.9;eor;16.329;;;;;;
17.05.2021;10;10.9;2.3;9;1.1;4;6;-999;6;11.6;994.6;11.7;85;17.7;5.3;3.5;eor;17.041;;;;;;
18.05.2021;10;9;3.4;9;1.8;4;1.6;-999;6.6;11.3;1001.2;11.3;85;14.8;7.4;2.6;eor;11.328;;;;;;
19.05.2021;10;9.1;3.5;9;0;4;6;-999;4.7;10.1;1005.6;10.8;79;15.4;6;2.2;eor;17.153;;;;;;
20.05.2021;10;10.7;4.1;9;0.1;4;9;-999;4;9.8;1008;11.2;75;15.7;6.3;3.8;eor;21.152;;;;;;
21.05.2021;10;18;3.8;9;3.2;4;5.3;-999;7.2;10.7;997;12.2;76;19.5;8.4;5.8;eor;16.337;;;;;;
22.05.2021;10;17.1;4.9;9;2.7;4;4.5;-999;6.8;10.7;994.6;11.8;78;16.6;8.1;6.3;eor;15.331;;;;;;
23.05.2021;10;11.9;5;9;0;4;4;-999;6.7;9.8;1002.9;11.7;73;16.3;8;6.2;eor;14.716;;;;;;
24.05.2021;10;11.7;3.7;9;0.3;4;10.6;-999;4.3;9.9;1005.1;14.4;62;20.3;7.9;5.8;eor;23.484;;;;;;
25.05.2021;10;14.5;3.7;9;3;4;2.3;-999;7.4;11.2;1001.4;11.5;83;14.7;8.4;7.5;eor;12.553;;;;;;
26.05.2021;10;12.7;4.4;9;3.2;4;4.7;-999;6.6;10.5;1000.6;10.9;81;14.8;8.3;7;eor;15.77;;;;;;
27.05.2021;10;10.5;3.8;9;10.3;4;1.5;-999;6.7;11.4;1002.9;11;87;14.5;8.3;6.5;eor;11.567;;;;;;
28.05.2021;10;8.9;3.1;9;2.1;4;4.4;-999;6.5;11.1;1011.8;11.4;83;15.6;6.9;4.2;eor;15.45;;;;;;
29.05.2021;10;11.2;4.8;9;0;0;5.9;-999;4.6;11.3;1015.8;11.4;84;16.9;6.6;1.5;eor;17.478;;;;;;
30.05.2021;10;9.3;3.3;9;0;0;15.3;-999;0.4;9.5;1018.7;12.3;69;18.3;5.6;1.2;eor;30.008;;;;;;
31.05.2021;10;6.7;2.5;9;0;0;15.4;-999;2.6;10.8;1015.6;13.9;70;20.9;3.5;-0.4;eor;30.185;;;;;;
01.06.2021;10;9.1;3.7;9;0;4;5.7;-999;7.1;12.4;1010.9;14.2;77;19.4;7.7;5.3;eor;17.315;;;;;;
02.06.2021;10;12.7;4;9;0;0;11.3;-999;3;13.4;1012.7;15.2;78;23.4;6.5;4.1;eor;24.805;;;;;;
03.06.2021;10;11.4;4.3;9;0.2;4;13.3;-999;3;12.2;1015.4;18.1;60;24;11.8;9.1;eor;27.503;;;;;;
04.06.2021;10;8.3;3.4;9;0;0;8.5;-999;4.5;13.5;1014;18.2;66;24.3;12.4;9.2;eor;21.136;;;;;;
05.06.2021;10;10.3;3.6;9;0;0;14.5;-999;3.6;13.8;1012.2;18.6;66;25.8;11.2;7.6;eor;29.168;;;;;;
06.06.2021;10;9.2;3.8;9;0;0;14.2;-999;2.9;12.2;1012.3;17.6;64;24.5;10.4;4.5;eor;28.797;;;;;;
07.06.2021;10;9.9;2.2;9;0;0;14.5;-999;0.6;12.9;1012.8;18.5;63;26;9.4;3.4;eor;29.225;;;;;;
08.06.2021;10;9.1;3.1;9;0;0;11.2;-999;3.9;13.6;1013.7;18.3;67;24.1;11.5;6.3;eor;24.842;;;;;;
09.06.2021;10;8.2;2.1;9;0;0;14.6;-999;2;13.9;1012.9;18.8;66;25.3;10.3;5.1;eor;29.406;;;;;;
10.06.2021;10;7.5;2;9;0;0;12.9;-999;4.8;14.3;1011.2;19.5;65;25.1;11.7;7.6;eor;27.155;;;;;;
11.06.2021;10;9;2.3;9;0;0;12;-999;5.4;15.5;1008.8;20.4;66;26.2;13.2;8.5;eor;25.97;;;;;;
12.06.2021;10;14.8;5.3;9;0.3;4;2.7;-999;6;14.8;1006.1;16.5;78;20.7;10.6;8.6;eor;13.55;;;;;;
13.06.2021;10;13;5.8;9;0;0;5.5;-999;4;11;1014.2;13.9;70;19.1;9.6;5.4;eor;17.306;;;;;;
14.06.2021;10;8.8;3;9;0;0;14.8;-999;2.6;13.5;1012.3;18.9;65;26;9.5;4.7;eor;29.756;;;;;;
15.06.2021;10;8.4;2.7;9;0;0;8.7;-999;6.7;13.2;1011.1;17;70;21.7;10.7;5;eor;21.607;;;;;;
16.06.2021;10;7.4;2.7;9;0;0;15.6;-999;1.2;12.3;1010.6;17.7;64;25.2;7.9;3.2;eor;30.845;;;;;;
17.06.2021;10;10;3.9;9;0;0;15.2;-999;0.2;16.9;1007.6;24.2;58;32.3;12.9;10;eor;30.316;;;;;;
18.06.2021;10;10.1;3.7;9;0;0;15.5;-999;0;16.6;1006.1;26.9;49;33.7;19.1;17.4;eor;30.721;;;;;;
19.06.2021;10;9.4;3.1;9;0;4;12.2;-999;3.3;20.4;1004.8;27;59;34.6;20.4;14.8;eor;26.309;;;;;;
20.06.2021;10;11.1;3.9;9;9.9;4;9.9;-999;3.4;21.8;1000.7;25.2;70;33;18;15.5;eor;23.232;;;;;;
21.06.2021;10;10.9;3.7;9;0.4;4;10.2;-999;4;20.8;998.5;22.7;78;28.9;17.1;15.6;eor;23.632;;;;;;
22.06.2021;10;8.2;3.7;9;0;4;0.6;-999;6.5;15.2;1005.6;16.5;82;19.6;11.2;7.4;eor;10.789;;;;;;
23.06.2021;10;7.1;2.5;9;0;4;6.3;-999;5.6;14;1011.7;15.4;80;19.5;9.8;5.9;eor;18.408;;;;;;
24.06.2021;10;4.5;1.6;9;2.5;4;0;-999;7.7;16.6;1010.5;16.3;90;18.9;12.4;8.5;eor;9.978;;;;;;
25.06.2021;10;8.4;2.6;9;0;0;6;-999;6.2;15.2;1009;17.4;78;21.9;12.1;7.2;eor;17.993;;;;;;
26.06.2021;10;8;2.1;9;0;4;11.2;-999;4.6;14;1010.9;17.9;71;23.9;10.1;5.7;eor;24.932;;;;;;
27.06.2021;10;7.1;2.3;9;0;0;8.9;-999;3.8;16.2;1009.7;19;75;25.1;11.1;7.3;eor;21.846;;;;;;
28.06.2021;10;8.1;2.4;9;0.1;4;13.2;-999;3.1;16.8;1007.6;22;68;30.4;13.2;9.7;eor;27.575;;;;;;
29.06.2021;10;15.6;2.8;9;2.4;4;3;-999;7.7;18.6;1002.6;21.2;75;29.6;16;15.1;eor;13.94;;;;;;
30.06.2021;10;14.1;3.4;9;26.1;4;0.2;-999;7.6;20.2;998.3;18.7;93;22.9;16.7;15.5;eor;10.188;;;;;;
01.07.2021;10;9.2;4.8;9;0.1;4;0.5;-999;7.1;19.1;999.9;17.9;93;20.1;15.6;14.7;eor;10.574;;;;;;
02.07.2021;10;10.7;4.4;9;0;4;9.9;-999;5.1;16.4;1005.4;18.9;77;23.8;14.2;11.7;eor;23.092;;;;;;
03.07.2021;10;9.1;3.6;9;0;4;0.4;-999;7.5;15.5;1006.4;17;81;20.4;13.5;12.3;eor;10.407;;;;;;
04.07.2021;10;7.6;2.4;9;0;4;12.1;-999;4;16.8;1003.2;20;74;25.4;14.2;12.5;eor;25.973;;;;;;
05.07.2021;10;10.2;3.1;9;0.8;4;4.5;-999;5.8;18.7;1000.8;19.5;84;24.9;15.1;10.9;eor;15.826;;;;;;
06.07.2021;10;10.6;3.2;9;0;4;7.8;-999;5.4;18.5;1001.5;21.4;74;28.6;12.4;10.3;eor;20.192;;;;;;
07.07.2021;10;6.8;2.5;9;1.8;4;6.2;-999;5;17.2;1009.2;19.1;79;22.5;15.1;12.3;eor;18.035;;;;;;
08.07.2021;10;7.3;2.5;9;0.1;4;1.2;-999;7.6;17.6;1013.2;18.5;83;22.8;14.6;13.4;eor;11.362;;;;;;
09.07.2021;10;10.6;4.3;9;36.9;4;0;-999;7.5;18.7;1007.8;16.8;98;19.6;15;14.8;eor;9.742;;;;;;
10.07.2021;10;12.1;4.9;9;0.6;4;5.5;-999;6.6;17.1;1006.7;17.9;84;23.1;14.6;11.6;eor;17.012;;;;;;
11.07.2021;10;8.7;3.2;9;0;4;7.7;-999;6.1;17.4;1009.1;21;72;27;14.9;14;eor;19.895;;;;;;
12.07.2021;10;8.7;3.3;9;1.5;4;5.3;-999;5.3;21;1005.6;20.5;87;26.5;15.7;13.4;eor;16.678;;;;;;
13.07.2021;10;10.4;3.3;9;0;4;11.7;-999;4.4;20.3;1001.9;22.6;76;29;15.5;14.1;eor;25.109;;;;;;
14.07.2021;10;11.2;3.1;9;40.1;4;7.9;-999;5.1;22.2;1000.9;22.9;80;28;18.3;16.9;eor;20.039;;;;;;
15.07.2021;10;-999;-999;9;0.1;4;8.8;-999;5.5;21.1;1004;22.1;81;28.4;17;15.4;eor;21.184;;;;;;
16.07.2021;10;-999;-999;9;0;0;11.3;-999;5;22.1;1008.4;24.3;75;30.1;18.5;16.7;eor;24.435;;;;;;
17.07.2021;10;-999;-999;9;0;0;8.1;-999;3.7;20.9;1010.9;22.4;78;29.1;17.1;15;eor;20.166;;;;;;
18.07.2021;10;-999;-999;9;0;4;11.4;-999;2.6;17;1010.3;19.9;74;25.4;13.5;11.1;eor;24.459;;;;;;
19.07.2021;10;-999;-999;9;0;4;2.7;-999;5.1;12.9;1010.2;16.4;71;21.2;12.3;9;eor;12.968;;;;;;
20.07.2021;10;-999;-999;9;0;4;4.9;-999;5.5;14.3;1010.3;17;74;22.3;12.7;10.6;eor;15.812;;;;;;
21.07.2021;10;-999;-999;9;0;4;1.5;-999;7.3;15.4;1013.1;17.7;76;21.5;14.1;11.1;eor;11.306;;;;;;
22.07.2021;10;9.3;3.2;9;0;0;5.6;-999;5.4;14.6;1012.3;17.7;73;22.5;13.4;9.7;eor;16.628;;;;;;
23.07.2021;10;6.4;2.1;9;0;0;10.3;-999;3;13.9;1008.9;18.3;68;24.4;13.2;9.5;eor;22.716;;;;;;
24.07.2021;10;9.7;3.9;9;0;4;11;-999;4.4;16.3;1005.2;21.4;67;28.5;14;12.3;eor;23.565;;;;;;
25.07.2021;10;11.9;5.2;9;0;4;7;-999;5.9;17.4;1002.3;23.9;60;29.8;18.6;17.3;eor;18.285;;;;;;
26.07.2021;10;13.9;2.6;9;0;4;2.4;-999;7.4;19.3;1002.4;21.8;75;29.4;17.8;15.3;eor;12.242;;;;;;
27.07.2021;10;10.5;3.3;9;0.1;4;7.9;-999;5.3;18.3;1002.7;22;71;27;16.2;14.2;eor;19.328;;;;;;
28.07.2021;10;9;3.5;9;0.1;4;5.5;-999;5.1;17.6;1001.7;20.1;76;24.9;16.2;14.4;eor;16.152;;;;;;
29.07.2021;10;16.9;5.7;9;0;4;7.3;-999;4.4;13.7;1000.6;18.8;64;23.3;15.7;13;eor;18.416;;;;;;
30.07.2021;10;14;5.5;9;0.2;4;14.3;-999;2;12.3;999;19.2;57;24.2;14.6;12.5;eor;27.38;;;;;;
31.07.2021;10;16.8;5.8;9;0.6;4;6.7;-999;4.9;14.8;996.4;18.5;70;22.4;15.1;13.5;eor;17.503;;;;;;
01.08.2021;10;8.9;3.6;9;5.6;4;4.9;-999;6.2;16;998.6;16.7;85;22;13.9;12.2;eor;15.118;;;;;;
02.08.2021;10;15.7;5.3;9;0;4;4.4;-999;6;13.8;1001.6;15.8;78;19.7;12.1;10.4;eor;14.41;;;;;;
03.08.2021;10;8.1;3.2;9;0;4;8.2;-999;5.4;13.3;1005.2;16.3;74;20.9;11.9;9.7;eor;19.202;;;;;;
04.08.2021;10;8.3;2.8;9;0;0;5.7;-999;5.2;13.8;1006.1;17.1;72;22.6;11.6;9.3;eor;15.931;;;;;;
05.08.2021;10;9.6;3.7;9;0;0;9.7;-999;5.9;14.7;1002.9;17.5;75;23.8;9.9;8;eor;20.947;;;;;;
06.08.2021;10;10.7;3.6;9;0.8;4;6.8;-999;6.6;15.2;997.9;18.3;74;24.7;13;10.9;eor;17.176;;;;;;
07.08.2021;10;11.1;3;9;0;4;8.1;-999;6.1;16;996.2;19.1;74;24.3;12.5;10.4;eor;18.74;;;;;;
08.08.2021;10;15.9;5;9;0.2;4;8.7;-999;5.2;15.4;999.9;18.7;72;22.6;15.7;12.9;eor;19.41;;;;;;
09.08.2021;10;11.9;3.6;9;1.2;4;5.5;-999;5.1;14.4;1008.1;17.3;73;21.5;14.1;12;eor;15.291;;;;;;
10.08.2021;10;10.1;2.8;9;0.5;4;3.4;-999;6.6;15.6;1007.6;16.8;82;22.9;13.4;11.5;eor;12.574;;;;;;
11.08.2021;10;10;3.8;9;0;0;7.2;-999;4.2;14.9;1010.1;17.5;76;22.6;12.5;9.8;eor;17.252;;;;;;
12.08.2021;10;7.1;2.1;9;0;0;13.7;-999;2.2;14.7;1012.6;20.1;66;26.2;11.7;7.9;eor;25.265;;;;;;
13.08.2021;10;10.2;3.4;9;0;0;8.6;-999;6;16.4;1010.8;22.5;61;28;15.1;12.2;eor;18.807;;;;;;
14.08.2021;10;11.7;4.5;9;0;4;7.8;-999;6.6;14.7;1009.9;18.8;69;25.1;12.8;10;eor;17.716;;;;;;
15.08.2021;10;9.2;3.6;9;3.8;4;3.8;-999;7;15.5;1004.5;18.7;73;24.3;13.9;12;eor;12.681;;;;;;
16.08.2021;10;18;4.8;9;6.2;4;1.5;-999;7.5;15.9;997.5;16.5;85;20.9;12.2;10.7;eor;9.771;;;;;;
17.08.2021;10;17.8;8.9;9;0.8;4;2.6;-999;7.3;14.1;998.8;15;83;18.5;11.6;10.9;eor;11.045;;;;;;
18.08.2021;10;14.4;7.3;9;0.3;4;2.1;-999;7.3;14.5;1000.8;15.8;81;18;13.1;11.7;eor;10.355;;;;;;
19.08.2021;10;12.1;6;9;0;4;1.2;-999;7.8;15.7;1001.7;16.8;82;19.9;14.3;13.7;eor;9.184;;;;;;
20.08.2021;10;6.4;2.8;9;1.4;4;0.7;-999;7.2;15.8;1006.8;15.7;89;18.6;11.8;8.1;eor;8.504;;;;;;
21.08.2021;10;6.3;2.4;9;0;0;8.5;-999;4.9;13.3;1011.1;15.2;79;20.6;10.6;8.5;eor;17.833;;;;;;
22.08.2021;10;9.6;4.7;9;3;4;2.1;-999;7.6;13.8;1009.5;15.7;78;20.7;9.8;7.8;eor;10.039;;;;;;
23.08.2021;10;16.3;6.9;9;0;0;11.9;-999;2.9;13.5;1014.1;16.3;74;20.8;11.7;9.5;eor;21.665;;;;;;
24.08.2021;10;10.4;4;9;0;0;11;-999;4.1;12;1019.3;14.5;75;20.4;9;4.3;eor;20.46;;;;;;
25.08.2021;10;15.1;5.5;9;3.5;4;2;-999;6.4;13.7;1008.1;14.3;85;19.7;8.6;3.5;eor;9.674;;;;;;
26.08.2021;10;9.8;4.3;9;6.4;4;1.4;-999;6.9;13.7;999.6;13.2;91;16.4;11.5;9.9;eor;8.884;;;;;;
27.08.2021;10;12.1;3.4;9;1;4;4.6;-999;6.9;13.6;1003.2;13.6;88;17.9;10;8.1;eor;12.554;;;;;;
28.08.2021;10;7.6;2.7;9;2.5;4;1.5;-999;7.6;16.1;1006.9;15.2;94;18.7;12.9;11.9;eor;8.839;;;;;;
29.08.2021;10;13.2;4.4;9;31;4;0;-999;7.4;17.3;1006.4;15.5;98;18;14.3;14.1;eor;7.016;;;;;;
30.08.2021;10;13.6;5.7;9;4.1;4;0.2;-999;7.4;16.5;1008.4;15.4;94;18.1;13.4;12.1;eor;7.173;;;;;;
31.08.2021;10;11.9;4.9;9;0;4;6.5;-999;4.8;14;1012;15.3;82;19.3;11.9;8.3;eor;14.329;;;;;;
01.09.2021;10;9.3;3.5;9;0;0;7.9;-999;4.7;14.9;1015.9;16.5;80;22.2;11.6;9.6;eor;15.811;;;;;;
02.09.2021;10;7.3;3.4;9;0;0;8.6;-999;3;15;1017.5;15.7;85;20.3;11.8;8.3;eor;16.479;;;;;;
03.09.2021;10;10.6;4.1;9;0;0;9.3;-999;1.6;14.2;1011.1;14.8;85;20.3;10.5;7.8;eor;17.137;;;;;;
04.09.2021;10;8.2;2.9;9;0;0;4.2;-999;5.3;14.6;1010.8;15;86;20.8;10.3;7.9;eor;11.279;;;;;;
05.09.2021;10;9.3;4.6;9;0;0;7.9;-999;3.6;12.6;1015.6;14.7;76;20.9;9.5;8.1;eor;15.298;;;;;;
06.09.2021;10;8.5;2.8;9;0;0;8.8;-999;5;13.1;1015.6;16.5;70;21.6;11.1;7.8;eor;16.164;;;;;;
07.09.2021;10;5.8;2.4;9;0;0;8;-999;4.8;15.3;1015.3;16.7;82;22.8;12.1;8.5;eor;15.145;;;;;;
08.09.2021;10;5.9;1.7;9;0;0;12.1;-999;0.4;14.8;1012.4;17.6;75;23.7;10.1;7.3;eor;19.495;;;;;;
09.09.2021;10;8.1;2.6;9;0;0;12;-999;0.3;14.8;1005.6;19.4;68;25.2;12.5;9.7;eor;19.221;;;;;;
10.09.2021;10;7.4;2.5;9;1.4;4;6.3;-999;5;18.8;1004.5;20.5;77;26.1;14.7;12.8;eor;12.907;;;;;;
11.09.2021;10;7.3;2.8;9;0;4;1.5;-999;7.1;19.7;1006.4;19;90;22;16.7;15.1;eor;7.641;;;;;;
12.09.2021;10;8.2;3.7;9;0.3;4;1.3;-999;7.7;17.7;1006.9;17.9;87;21;14.6;12.5;eor;7.34;;;;;;
13.09.2021;10;10;3.5;9;0.1;4;0.6;-999;7.2;14.2;1009.4;15;84;17.8;11.9;8.4;eor;6.513;;;;;;
14.09.2021;10;7.6;2.1;9;0;0;5.2;-999;4;13.4;1010.4;14.5;82;19.9;9.6;6.8;eor;11.253;;;;;;
15.09.2021;10;8.2;3.6;9;9.9;4;0.6;-999;7.3;16.9;1004;16.4;90;21.4;9.6;8.1;eor;6.349;;;;;;
16.09.2021;10;11;5.1;9;0.6;4;1.3;-999;7.5;17;1002.6;16.9;88;19.2;15.6;15;eor;6.99;;;;;;
17.09.2021;10;11.5;5.5;9;0.5;4;0.1;-999;7.8;14.7;1003.6;13.8;93;15.6;12.4;12.2;eor;5.673;;;;;;
18.09.2021;10;9.9;4.1;9;0.1;4;0;-999;7.8;14.1;1008.4;13.6;90;15;11.7;11;eor;5.494;;;;;;
19.09.2021;10;9.5;3.2;9;0;4;0;-999;7.8;11.1;1011;11.9;80;14.8;9.7;7.7;eor;5.417;;;;;;
20.09.2021;10;8.1;2.4;9;0;4;0.9;-999;7.8;11.4;1014.1;11.8;82;15.6;9.3;7.5;eor;6.24;;;;;;
21.09.2021;10;9.5;3.5;9;0.6;4;0;-999;7.6;11.8;1017.1;11.6;87;14.2;9;7.8;eor;5.263;;;;;;
22.09.2021;10;7.7;3.7;9;0;4;1.7;-999;4.9;13.3;1015.8;13.2;88;17.7;10.5;9.2;eor;6.857;;;;;;
23.09.2021;10;20.1;7.7;9;0.4;4;0.1;-999;7.2;13.1;1002.3;13.5;85;16.1;11.5;10;eor;5.207;;;;;;
24.09.2021;10;13.7;7;9;0;0;2.1;-999;7.7;13.6;1002.2;14.2;84;17;10.7;9.7;eor;7.062;;;;;;
25.09.2021;10;11.5;4.3;9;0;0;0.2;-999;7.4;16.8;1006.2;16.8;88;20;14;10.9;eor;5.149;;;;;;
26.09.2021;10;8.8;3.3;9;0;0;4.2;-999;4.9;17.4;1009.8;18.2;84;22.9;15.1;14.3;eor;8.866;;;;;;
27.09.2021;10;7.9;3.2;9;0.1;4;0.8;-999;7.5;17.1;1008.8;17.3;86;20.1;14.8;13.5;eor;5.558;;;;;;
28.09.2021;10;7.8;3.1;9;0.2;4;3.3;-999;7.7;14.6;1013;14.7;87;18.1;10.3;7.1;eor;7.804;;;;;;
29.09.2021;10;10.1;3.2;9;13.7;4;0;-999;7;13.6;1009.2;11.8;98;14.1;9.1;6.2;eor;4.657;;;;;;
30.09.2021;10;13.2;5.9;9;0;4;3.1;-999;6.1;10.6;1012.8;11.2;80;15.1;9;7.5;eor;7.414;;;;;;
01.10.2021;10;10.5;3.8;9;0;0;8.8;-999;6.5;9.7;1011.5;12.2;69;17.5;8;6.6;eor;12.467;;;;;;
02.10.2021;10;8.9;2.9;9;0;4;4.6;-999;7.3;11.8;1004;13.7;75;18.2;9.9;8.4;eor;8.554;;;;;;
03.10.2021;10;11.4;4.8;9;0;4;0;-999;8;13.3;998.5;17.6;66;20.3;15.2;13.9;eor;4.362;;;;;;
04.10.2021;10;8.5;2.7;9;2.4;4;0;-999;7.9;13.1;1008.5;13.5;84;17.7;11;8.7;eor;4.289;;;;;;
05.10.2021;10;9.2;3.2;9;14.6;4;0;-999;7.6;13.4;1002.5;11.6;98;13.9;9.9;9.2;eor;4.217;;;;;;
06.10.2021;10;7.7;2.7;9;0;0;4.2;-999;5.4;12.3;1007.7;12.6;85;16.2;6.9;3.9;eor;7.754;;;;;;
07.10.2021;10;4.3;1.6;9;0;4;9.3;-999;1;11.4;1020.3;11.2;87;17.5;4.6;1.6;eor;11.98;;;;;;
08.10.2021;10;6.3;2.8;9;0;4;3.5;-999;4.5;12.4;1025;11.3;92;15.4;4.6;1.2;eor;6.947;;;;;;
09.10.2021;10;-999;-999;9;0;0;10;-999;0.6;7.7;1025.8;7.8;74;13.9;2.7;-0.1;eor;12.252;;;;;;
10.10.2021;10;-999;-999;9;0.3;4;8.9;-999;2.4;7.4;1020;8.1;70;13.6;3;-0.7;eor;11.186;;;;;;
11.10.2021;10;11.9;4.3;9;2;4;3.1;-999;6.2;10.1;1011.2;9;87;14.6;5.5;2.8;eor;6.318;;;;;;
12.10.2021;10;12.7;5;9;0.2;4;4.6;-999;4.5;9;1005.7;7.8;85;12;4.1;1.2;eor;7.428;;;;;;
13.10.2021;10;9;3.6;9;1.3;4;8.3;-999;4;8.8;1011.2;7.9;83;13.1;2.8;0.4;eor;10.261;;;;;;
14.10.2021;10;11.1;4.7;9;0.2;4;0;-999;7.7;12.3;1009;10.8;95;12.6;8.2;7.7;eor;3.593;;;;;;
15.10.2021;10;15.5;5.7;9;4.7;4;1.6;-999;5.3;11.1;1003.3;10.3;88;12.6;6.6;4.3;eor;4.771;;;;;;
16.10.2021;10;10.3;4;9;0;4;1;-999;7.5;9.3;1010.8;8.6;84;11.8;5.5;2.9;eor;4.23;;;;;;
17.10.2021;10;10;4;9;1.1;4;0.8;-999;7.9;9.9;1010.4;9.1;85;11.6;7.7;6;eor;4.005;;;;;;
18.10.2021;10;8.3;3.2;9;0;4;0;-999;8;11;1013.7;11;84;13.9;8.7;7.7;eor;3.334;;;;;;
19.10.2021;10;10.3;3.5;9;2.7;4;0;-999;7.8;12.1;1008.6;11.8;87;14.5;8.4;6.7;eor;3.271;;;;;;
20.10.2021;10;14.5;6.4;9;9.2;4;2;-999;7.6;14.3;994.5;15.5;82;17.6;12.2;11.3;eor;4.673;;;;;;
21.10.2021;10;21.8;8.5;9;2;4;1.2;-999;5.8;11.4;984.4;11.3;83;15.4;5.7;4.2;eor;4.016;;;;;;
22.10.2021;10;18.1;8.5;9;4.6;4;0.5;-999;5.5;8.3;997.1;6.6;85;9.2;4.9;3.1;eor;3.445;;;;;;
23.10.2021;10;13.9;5.9;9;0;4;6.2;-999;3.4;8.4;1013.7;7.2;83;11.8;4.6;0;eor;7.401;;;;;;
24.10.2021;10;8.9;3;9;0;0;8;-999;4;8.7;1018.9;8.4;80;11.8;5.6;3.2;eor;8.541;;;;;;
25.10.2021;10;6.9;3;9;0.1;4;6.4;-999;4.8;8.1;1010.8;7.1;80;10.7;3.6;1.2;eor;7.313;;;;;;
26.10.2021;10;10.5;4;9;0.1;4;1.4;-999;7.3;11.1;1009.6;10.3;88;13.4;7.9;6.8;eor;3.805;;;;;;
27.10.2021;10;11;5.3;9;0;4;0;-999;7.8;12.4;1011.9;12.7;84;13.9;10.7;9.8;eor;2.799;;;;;;
28.10.2021;10;7.4;3.5;9;0;0;8.3;-999;2.1;11.2;1011.1;12.4;78;16.2;9.1;7;eor;8.238;;;;;;
29.10.2021;10;8.1;3.1;9;0;0;8.4;-999;0.5;9.2;1004.7;9.3;79;14.9;5.3;3.6;eor;8.179;;;;;;
30.10.2021;10;7.6;3.2;9;0;0;6;-999;5.2;8.8;1000.3;10;72;13.9;6.5;4.2;eor;6.508;;;;;;
31.10.2021;10;10.5;3.8;9;0;4;2.2;-999;7.3;10.7;998.9;12.4;74;15;9.5;7.4;eor;3.986;;;;;;
01.11.2021;10;10;3.3;9;0.7;4;0.3;-999;7.8;10;993.1;10.7;78;12.3;9;7.5;eor;2.722;;;;;;
02.11.2021;10;4.7;1.8;9;0;4;0;-999;7.6;10.6;992.6;9;93;10.4;7.4;4.7;eor;2.483;;;;;;
03.11.2021;10;5.8;2.4;9;0;0;5.4;-999;7.8;9.4;995.3;6.7;96;9;5.5;5.1;eor;5.742;;;;;;
04.11.2021;10;18.2;7.1;9;33.9;4;0;-999;7.6;9.8;991.1;7.5;94;9.2;5.5;5;eor;2.386;;;;;;
05.11.2021;10;15.8;6.6;9;0;4;0.1;-999;7.5;9.5;1005.6;8.5;85;10.2;7;6.2;eor;2.398;;;;;;
06.11.2021;10;13.5;6.7;9;0.2;4;0;-999;7.6;9.6;1012.2;8.9;84;9.7;8.3;7.8;eor;2.292;;;;;;
07.11.2021;10;14.1;7.2;9;2.6;4;2.1;-999;7.1;9.4;999.7;8.6;84;10.5;7.2;5.6;eor;3.469;;;;;;
08.11.2021;10;9.6;3.8;9;8.7;4;0.1;-999;7.7;10.5;1008.7;8.4;95;10.2;7.2;4.8;eor;2.261;;;;;;
09.11.2021;10;8.2;2.8;9;0.1;4;2.4;-999;5.3;9.5;1018.4;8.1;88;10.6;6.4;4.4;eor;3.52;;;;;;
10.11.2021;10;7.7;3.1;9;0;0;6.7;-999;5;8;1016.2;6.4;84;9.8;3.6;1.6;eor;5.922;;;;;;
11.11.2021;10;7.5;3.4;9;0;4;0;-999;8;10.4;1013.9;8;96;9.5;5.8;5.5;eor;2.077;;;;;;
12.11.2021;10;11.1;2.9;9;0;4;0;-999;7.9;10;1011.3;8.5;90;9.2;6.5;5.3;eor;2.037;;;;;;
13.11.2021;10;9.1;2.5;9;0;4;1.5;-999;7.8;8;1006.6;5.7;87;7.6;4.5;3.9;eor;2.806;;;;;;
14.11.2021;10;7.5;2.8;9;0;0;0;-999;8;8.2;1016.9;6.3;86;7;5.1;4.3;eor;1.961;;;;;;
15.11.2021;10;6.8;3;9;0;4;0;-999;8;7.8;1021.5;5.4;87;6.5;4.3;4;eor;1.924;;;;;;
16.11.2021;10;5.8;2.4;9;0.3;4;0;-999;7.9;8.2;1015.3;5.1;93;5.8;4.2;4;eor;1.888;;;;;;
17.11.2021;10;9.7;4.4;9;0.2;4;0;-999;7.5;8.2;1008.9;5.2;92;7.4;3.4;3.2;eor;1.854;;;;;;
18.11.2021;10;12.7;6.3;9;1.5;4;0;-999;7.3;9.6;1011.5;7.5;92;9.8;4.9;3.3;eor;1.82;;;;;;
19.11.2021;10;15.3;8.1;9;0;4;0;-999;7.7;12.1;1011.2;11.6;88;12.7;9.8;9.4;eor;1.787;;;;;;
20.11.2021;10;14.4;7.2;9;0.5;4;0;-999;7.6;11.3;1008.8;10.6;88;11.6;8.5;8.1;eor;1.756;;;;;;
21.11.2021;10;10.4;4.2;9;1.3;4;0.5;-999;7.5;9.3;1000.5;7.5;90;9.2;4.5;2.8;eor;1.97;;;;;;
22.11.2021;10;-999;-999;9;0;4;4.8;-999;3.2;6.1;1013.8;2.8;82;5.6;0.2;-3.7;eor;4.017;;;;;;
23.11.2021;10;9.6;4.8;9;0.2;4;0.1;-999;7.9;8.9;1015.2;6.5;92;8.4;2.4;1.6;eor;1.716;;;;;;
24.11.2021;10;9;4.2;9;0;4;0;-999;8;8.7;1012;6.9;88;8.1;6;5.3;eor;1.641;;;;;;
25.11.2021;10;10.2;4.1;9;0;4;0.9;-999;7.6;7.1;998.9;5.2;80;6.3;3.6;1.9;eor;2.036;;;;;;
26.11.2021;10;8.5;3.7;9;0;4;0;-999;7;6.8;988.6;3.6;86;4.9;1.9;0.6;eor;1.589;;;;;;
27.11.2021;10;7.9;3.2;9;6;4;0;-999;7.3;6.1;984.2;1.3;92;2.4;-0.1;-1.5;eor;1.565;;;;;;
28.11.2021;10;6.8;2.5;9;0.8;4;0.7;-999;7.6;6.5;987.2;1.7;94;3.1;0.5;0;eor;1.86;;;;;;
29.11.2021;10;6.7;2.8;9;1.5;4;0.1;-999;7.4;6.4;993.6;1.3;95;2.7;-1.1;-3.4;eor;1.565;;;;;;
30.11.2021;10;25.9;7.7;9;2.2;4;0.1;-999;7.6;6.4;987.9;2.5;87;5.9;-0.2;-2.4;eor;1.544;;;;;;
01.12.2021;10;26;6.5;9;4.8;4;0;-999;7.3;7.4;980.3;4.3;88;8;0.1;-1.8;eor;1.479;;;;;;
02.12.2021;10;23.6;8.8;9;0.3;4;0;-999;6.7;5.6;984.8;0;92;1.5;-2.3;-4.1;eor;1.46;;;;;;
03.12.2021;10;12.3;6;9;0.8;4;0.2;-999;7.2;5.6;995;0.5;89;2.3;-1.8;-3.1;eor;1.529;;;;;;
04.12.2021;10;11.1;4.1;9;4.3;4;0;-999;7.8;6.7;991.3;2;94;2.9;1.3;0.3;eor;1.425;;;;;;
05.12.2021;10;7.8;4.1;9;0.5;4;0;-999;7.5;6;997.2;0.2;96;1.5;-1.9;-4.6;eor;1.41;;;;;;
06.12.2021;10;9.1;3.1;9;0;4;3;-999;7.3;5.4;1006.7;0;88;1.5;-2;-4.6;eor;2.669;;;;;;
07.12.2021;10;11.2;4.7;9;0;0;0.1;-999;8;5;1003.5;-1.1;88;-0.3;-2.7;-3.7;eor;1.423;;;;;;
08.12.2021;10;13.5;7;9;0;0;0;-999;8;4.9;997.7;-1.1;87;-0.4;-2.3;-2.3;eor;1.368;;;;;;
09.12.2021;10;8.4;3;9;1;4;0;-999;8;4.8;997.7;-1.9;90;-1.4;-2.5;-2.7;eor;1.356;;;;;;
10.12.2021;10;4;1.6;9;4.1;4;0;-999;7.4;5.4;992.1;-1.2;96;-0.4;-1.8;-1.9;eor;1.345;;;;;;
11.12.2021;10;9.8;3;9;0.2;4;0.9;-999;7.6;5.9;1003.8;0.4;94;1.6;-0.9;-2;eor;1.707;;;;;;
12.12.2021;10;7.9;3.8;9;2.1;4;0;-999;7.6;6.7;1012.4;1.8;96;4.5;1;0.6;eor;1.327;;;;;;
13.12.2021;10;5.9;2.6;9;0.4;4;0;-999;7.9;9.9;1016;6.9;99;8.8;4.5;4.1;eor;1.319;;;;;;
14.12.2021;10;8.8;3.7;9;0.1;4;0;-999;7.9;9.6;1015.9;7;95;8;5.8;3;eor;1.312;;;;;;
15.12.2021;10;9;5;9;0;4;0.3;-999;7.9;10.2;1018.2;8.3;93;9.7;6.7;6.1;eor;1.429;;;;;;
16.12.2021;10;10.7;5.8;9;0;0;4.3;-999;4.1;8.9;1023.6;6.8;90;8.8;3;0.9;eor;3.047;;;;;;
17.12.2021;10;10.3;5;9;0.1;4;0;-999;6.9;7.9;1027.7;4.7;93;5.5;2.8;1.1;eor;1.298;;;;;;
18.12.2021;10;15.8;5.6;9;0;0;0;-999;7.9;8.7;1023.4;5.6;95;7.4;4.4;4.2;eor;1.295;;;;;;
19.12.2021;10;15.9;7.2;9;0.2;4;0;-999;5.2;7.6;1012.1;5.1;85;7.1;0.8;-1.2;eor;1.293;;;;;;
20.12.2021;10;9.1;3.8;9;0.9;4;4.2;-999;2.8;5.6;1015.6;0.9;86;3.5;-0.6;-4.5;eor;2.989;;;;;;
21.12.2021;10;4.8;1.5;9;0;0;0;-999;8;5.7;1017.6;-0.7;99;0.4;-1.5;-2;eor;1.292;;;;;;
22.12.2021;10;8.2;3.8;9;0;0;1;-999;8;5.1;1016.8;-1.2;90;-0.4;-2.4;-3.9;eor;1.698;;;;;;
23.12.2021;10;6.9;3;9;7.4;4;0;-999;7.5;4.8;1001.5;-1.6;88;-0.3;-3;-4.1;eor;1.296;;;;;;
24.12.2021;10;13.6;3.7;9;1.3;4;0;-999;5.8;5.1;991.6;-1.9;91;0.9;-12.1;-9.9;eor;1.299;;;;;;
25.12.2021;10;5.9;3;9;0;0;5.9;-999;0.2;2.9;1004.1;-7.9;87;-4;-12;-11.3;eor;3.7;;;;;;
26.12.2021;10;5.4;2.4;9;0;0;6;-999;0;2.6;1006.1;-9;82;-4.6;-13.7;-9.9;eor;3.752;;;;;;
27.12.2021;10;10.4;5.3;9;0;4;1.2;-999;4.6;2.7;1000.2;-7.3;74;-3.4;-12.9;-9.1;eor;1.804;;;;;;
28.12.2021;10;12;5.7;9;0;4;0;-999;8;4.3;991.6;-3.1;87;0.1;-6.1;-5;eor;1.321;;;;;;
29.12.2021;10;6.2;1.9;9;0.4;4;0;-999;8;6.3;995.2;0.6;99;1.8;0;-0.2;eor;1.329;;;;;;
30.12.2021;10;9.3;4.2;9;2.4;4;0;-999;8;9.9;1000.9;6.7;99;11;2;0.5;eor;1.338;;;;;;
31.12.2021;10;14;7;9;2.4;4;0;-999;7.6;12.7;1003;11.5;93;12.7;10.4;9.9;eor;1.348;;;;;;
01.01.2022;10;11.4;4.9;9;0.5;4;0;-999;7.8;12.2;1011.2;10.7;94;11.3;9.9;9.2;eor;1.359;;;;;;
02.01.2022;10;20.4;6.3;9;7;4;0;-999;8;10.7;1000.8;10.1;87;11.6;8.4;7.6;eor;1.372;;;;;;
03.01.2022;10;13.6;5.3;9;7;4;0.3;-999;6.7;9.2;995;7.4;90;9;4.8;3.5;eor;1.512;;;;;;
04.01.2022;10;13.2;4.6;9;1.6;4;0;-999;6.3;8.1;986.2;5.3;90;7.1;1.6;-0.3;eor;1.399;;;;;;
05.01.2022;10;14.2;6.1;9;1.3;4;0.3;-999;6.7;6.4;986.8;2.4;88;3.6;1.1;-0.8;eor;1.543;;;;;;
06.01.2022;10;14;4.6;9;0;0;6.3;-999;1.8;4.6;1004.3;0.1;76;2.1;-2.4;-4.6;eor;4.154;;;;;;
07.01.2022;10;11;4.1;9;4.2;4;0;-999;7.6;5.8;1003;0.7;91;1.9;-0.6;-2.3;eor;1.447;;;;;;
08.01.2022;10;9.3;4.1;9;0;4;0;-999;7.8;6;997.8;0.9;91;1.7;0.2;-0.9;eor;1.466;;;;;;
09.01.2022;10;9.7;4.6;9;0.2;4;0.7;-999;7.8;5.2;990.4;0.2;83;1.1;-1.2;-2.3;eor;1.795;;;;;;
10.01.2022;10;5.9;2.9;9;0;4;0;-999;5.3;5.6;1012;-0.6;94;1.2;-5.8;-7.3;eor;1.505;;;;;;
11.01.2022;10;7.5;2.9;9;0.1;4;0;-999;6.9;4.6;1026.2;-3.3;96;-2.1;-4.5;-6.3;eor;1.527;;;;;;
12.01.2022;10;9.7;4.5;9;0;4;0;-999;8;6.4;1026;1;97;3.9;-2.1;-2.1;eor;1.549;;;;;;
13.01.2022;10;-999;-999;9;0;0;0;-999;7.9;8.4;1022.7;5.8;91;7;3.8;3.3;eor;1.572;;;;;;
14.01.2022;10;15.3;7.2;9;0;4;0.3;-999;5.3;7.8;1018.7;5.3;87;8.1;-0.1;-3.6;eor;1.736;;;;;;
15.01.2022;10;6.3;3;9;0;0;0;-999;7.1;6.1;1019.2;0.8;95;2.1;-1.7;-4.2;eor;1.622;;;;;;
16.01.2022;10;13.8;5.3;9;0;4;0;-999;7.9;6.5;1009.5;2.3;89;5.7;0.4;-1.3;eor;1.649;;;;;;
17.01.2022;10;25.2;9;9;4;4;3.5;-999;4;6.1;1011.2;3.3;77;6.9;-1.4;-3.6;eor;3.359;;;;;;
18.01.2022;10;9.2;3.7;9;0;0;3;-999;4.3;6.4;1024.4;1.9;91;5;-2;-5;eor;3.164;;;;;;
19.01.2022;10;16.2;7.3;9;0.8;4;0;-999;7.5;6.8;1010.8;3.1;89;4.5;2.2;0.7;eor;1.735;;;;;;
20.01.2022;10;23.3;8.7;9;1.2;4;2.2;-999;4.7;4.6;1004.5;0.3;74;3.1;-2.4;-5;eor;2.861;;;;;;
21.01.2022;10;13.3;6.5;9;0.5;4;6;-999;3.7;5;1013.5;0.8;77;3.3;-2.8;-5.2;eor;4.819;;;;;;
22.01.2022;10;8.6;3;9;0.1;4;3;-999;7.6;6;1018.2;1.6;87;3.8;-1.2;-3.3;eor;3.36;;;;;;
23.01.2022;10;9.1;3.2;9;0.4;4;0;-999;7.8;8.5;1022.9;5;97;6.1;3.6;2.8;eor;1.865;;;;;;
24.01.2022;10;8;3.9;9;0.2;4;0;-999;7.8;7.9;1024.7;4.2;95;5.4;3;2.4;eor;1.901;;;;;;
25.01.2022;10;7.9;4.7;9;0.5;4;0;-999;7.9;7.9;1021.3;4.1;96;5.1;2.9;2.5;eor;1.937;;;;;;
26.01.2022;10;13.2;6.6;9;0.1;4;0;-999;7.8;7.3;1016.1;3.4;94;4.7;2.7;2.2;eor;1.974;;;;;;
27.01.2022;10;-999;9.7;9;0.5;4;0.2;-999;7.3;7.4;1002.9;4.8;86;7;3.3;2.8;eor;2.121;;;;;;
28.01.2022;10;-999;-999;9;1.7;4;7.3;-999;4;5.8;1012.8;3.7;73;6.5;0.8;-3.3;eor;6.062;;;;;;
29.01.2022;10;26.2;-999;9;5.1;4;0;-999;7.4;8;1002;5.6;87;8.8;2.5;1.4;eor;2.093;;;;;;
30.01.2022;10;31.1;13.5;9;0;4;5.3;-999;4.4;5.9;1001.3;4.8;69;6.6;1.1;-0.6;eor;5.122;;;;;;
31.01.2022;10;7.3;-999;9;0.5;4;1.8;-999;7.6;5.8;998.8;1.9;83;3.7;-0.1;-3.6;eor;3.205;;;;;;
01.02.2022;10;17.9;-999;9;5.7;4;0.1;-999;7.6;6.9;994.1;3.1;90;6.4;0.9;-0.1;eor;2.278;;;;;;
02.02.2022;10;16.6;8.2;9;0.8;4;0.8;-999;6.7;6.5;998.2;3.4;83;5.6;-0.2;-3.4;eor;2.734;;;;;;
03.02.2022;10;8.8;4.1;9;3.4;4;0;-999;7.7;7.7;1005;4.2;92;6.5;0.7;-0.8;eor;2.311;;;;;;
04.02.2022;10;21.8;5.3;9;4.3;4;0;-999;7.8;8.2;996.6;5.8;89;7.3;1.2;0.6;eor;2.358;;;;;;
05.02.2022;10;16;8.2;9;1;4;2;-999;7.3;6.4;1001.4;3.7;81;5.6;1.9;0.7;eor;3.625;;;;;;
06.02.2022;10;16.4;7.4;9;10.1;4;0;-999;7.9;7.8;987.3;4.6;92;6.6;2.5;2.1;eor;2.455;;;;;;
07.02.2022;10;18.3;8.8;9;0;4;0.4;-999;7.3;6.1;999.4;3.8;77;5.7;1.7;0.1;eor;2.755;;;;;;
08.02.2022;10;14;7;9;0.9;4;0;-999;7.2;8.5;1010.2;5.6;92;8.4;1.7;-0.7;eor;2.556;;;;;;
09.02.2022;10;13.3;6.1;9;2.9;4;0;-999;7.2;9.6;1011.3;7.9;91;9.5;5.2;3.2;eor;2.608;;;;;;
10.02.2022;10;6.7;3;9;6.2;4;0;-999;7.9;8;1008.5;4.5;95;5.7;1.8;-0.3;eor;2.661;;;;;;
11.02.2022;10;12.3;4.4;9;0.2;4;3;-999;5.3;6.3;1013;2.1;88;6.5;-2;-5.5;eor;4.693;;;;;;
12.02.2022;10;10.5;3.9;9;0;0;8.1;-999;4.6;4.9;1020.4;0.7;77;4.5;-2.7;-5.4;eor;8.182;;;;;;
13.02.2022;10;10.1;4.5;9;0;0;8.2;-999;7.9;5.2;1006;3;70;6.4;-0.1;-2;eor;8.376;;;;;;
14.02.2022;10;12.2;4.8;9;0;0;7.9;-999;6.5;6.5;995.6;7.8;62;11.9;3.9;2.3;eor;8.299;;;;;;
15.02.2022;10;12.8;5.1;9;1.8;4;1;-999;7.8;7.2;998.4;7.2;71;8.7;5.2;3.7;eor;3.635;;;;;;
16.02.2022;10;16.6;7.1;9;12.2;4;0;-999;7.5;9.2;984.6;7.2;90;11.3;4.5;3.6;eor;2.999;;;;;;
17.02.2022;10;23.7;11.9;9;14.5;4;0.1;-999;7;7.9;979.5;6.2;83;10.7;2.8;1.9;eor;3.13;;;;;;
18.02.2022;10;26.7;8.1;9;2.5;4;0.9;-999;5.8;7.2;987.8;5.3;81;9.1;2.6;0.4;eor;3.768;;;;;;
19.02.2022;10;29;11.6;9;3;4;2;-999;6.6;6.3;991.4;4.3;76;6.7;2.6;0.6;eor;4.641;;;;;;
20.02.2022;10;15.3;6;9;5.5;4;0.1;-999;7.3;7.8;991.8;4.8;89;8.6;2.1;1.5;eor;3.316;;;;;;
21.02.2022;10;21.4;9.6;9;0.5;4;1.2;-999;7.2;7.3;981.6;4.9;83;9;2.8;1.6;eor;4.204;;;;;;
22.02.2022;10;21.2;6.5;9;3.6;4;0.8;-999;7.7;7;999;4.7;82;6.5;1.6;1;eor;3.975;;;;;;
23.02.2022;10;17.4;7.6;9;0;0;3;-999;4.8;6.8;1008.9;6;72;9;3.6;0.9;eor;5.735;;;;;;
24.02.2022;10;19.9;5.6;9;0.7;4;0;-999;6.5;6.6;1000.5;5.7;71;9.3;2.7;1.4;eor;3.499;;;;;;
25.02.2022;10;16.2;7.5;9;0.6;4;2.7;-999;6.9;6.5;1004.9;3.7;81;6.4;1;-0.3;eor;5.686;;;;;;
26.02.2022;10;9.1;4.4;9;0;0;4.8;-999;3.8;6.3;1023.1;2.9;84;7.4;-3.1;-6.2;eor;7.447;;;;;;
27.02.2022;10;-999;-999;9;0;0;3.7;-999;3.5;5.7;1029.4;0.6;91;6.9;-4.3;-6.9;eor;6.675;;;;;;
28.02.2022;10;8;2.6;9;0;0;7.4;-999;1.3;4.9;1027.9;0.4;79;5.5;-3.9;-6.4;eor;9.787;;;;;;
01.03.2022;10;9.5;3.1;9;0;0;9.4;-999;2.7;3.5;1023.7;1.9;52;7.2;-1.8;-4.4;eor;11.57;;;;;;
02.03.2022;10;4.9;1.5;9;0;0;9.4;-999;4.8;4.2;1017.7;2.1;61;8;-3.2;-6.8;eor;11.728;;;;;;
03.03.2022;10;6;2.6;9;0;0;1.8;-999;5.8;6;1014;0.7;93;5.3;-1.6;-5.4;eor;5.492;;;;;;
04.03.2022;10;8.5;3.3;9;0;0;4.4;-999;4.7;5.3;1016.4;0.8;83;5.2;-2.8;-5.5;eor;7.791;;;;;;
05.03.2022;10;6.7;3;9;0;0;3.3;-999;6.3;4.5;1017.5;0.3;72;3.1;-3;-5.8;eor;6.958;;;;;;
06.03.2022;10;8.2;2.6;9;0;4;0.1;-999;7.4;4.4;1017.3;0.6;69;3;-2.8;-6.4;eor;4.28;;;;;;
07.03.2022;10;10.7;4.1;9;0;0;7.6;-999;2.3;5.3;1017.5;2.1;77;8.7;-2.7;-6.5;eor;10.941;;;;;;
08.03.2022;10;6.8;1.9;9;0;0;10.3;-999;1.3;5;1017.6;3;68;9.2;-3.2;-6.9;eor;13.48;;;;;;
09.03.2022;10;6;2.3;9;0;4;10.4;-999;1.3;5.3;1018.5;2.2;77;9.4;-3.1;-7.2;eor;13.738;;;;;;
10.03.2022;10;11;4.5;9;0;0;10;-999;3.4;5.3;1023.1;2.1;76;8;-4;-6.2;eor;13.545;;;;;;
11.03.2022;10;15.5;7.1;9;0;0;10.5;-999;1.3;2.9;1021.2;1.8;44;7.4;-2.9;-4.5;eor;14.169;;;;;;
12.03.2022;10;12.5;5.5;9;0;0;10.6;-999;0.4;2.9;1017.3;3.6;39;9.8;-1.9;-3.5;eor;14.431;;;;;;
13.03.2022;10;11.2;5.6;9;0;0;10.6;-999;0;3.1;1014.8;5.5;37;12.9;-1.2;-5.2;eor;14.603;;;;;;
14.03.2022;10;8.8;3.8;9;0;4;8.6;-999;3;4.2;1016.5;6.5;44;12;-0.3;-3.7;eor;12.89;;;;;;
15.03.2022;10;6.4;3;9;0;0;3.7;-999;7.9;8.2;1018.2;7.7;79;11.7;1.9;-0.6;eor;8.383;;;;;;
16.03.2022;10;7.2;3.1;9;0;4;0;-999;8;7.5;1020.8;3;99;4.6;1.7;2;eor;4.94;;;;;;
17.03.2022;10;9.1;3.7;9;0;4;0;-999;7.9;7.7;1021.9;6.1;82;10.3;2.6;1.4;eor;5.017;;;;;;
18.03.2022;10;7.4;2.9;9;0;0;9.1;-999;1.7;7.1;1033.9;5.9;78;12.7;-0.6;-5.1;eor;13.989;;;;;;
19.03.2022;10;12.7;5.6;9;0;0;10.8;-999;1.5;6.7;1036.8;3.8;84;9.9;-1.8;-5.5;eor;15.822;;;;;;
20.03.2022;10;14.5;6.1;9;0;0;10.9;-999;0;4.2;1031.8;4.5;55;11.4;-2.6;-5.1;eor;16.092;;;;;;
21.03.2022;10;11.7;4.2;9;0;0;10.9;-999;0.7;3.6;1028.2;6.3;39;12.8;0;-2.8;eor;16.262;;;;;;
22.03.2022;10;5.8;2.6;9;0;0;11;-999;0;3.8;1026.2;8.3;37;16;0.7;-4.6;eor;16.534;;;;;;
23.03.2022;10;7.5;2.6;9;0;0;11.1;-999;0;5;1023.5;7.1;52;14.7;-0.2;-5.5;eor;16.806;;;;;;
24.03.2022;10;6;1.3;9;0;0;10.7;-999;0;6;1021.6;6.5;65;14;-1.5;-6.3;eor;16.564;;;;;;
25.03.2022;10;9.8;3.7;9;0;0;10.7;-999;1.2;7.2;1020.2;9.4;63;16.4;2.3;-2.8;eor;16.73;;;;;;
26.03.2022;10;12.5;4.7;9;0;0;1.8;-999;6.8;8.6;1019.5;7.7;82;11.3;3.5;-2.8;eor;7.597;;;;;;
27.03.2022;10;8.9;3.2;9;0;0;11.3;-999;2.2;7.4;1020.8;8.2;72;15.6;-0.6;-4.3;eor;17.691;;;;;;
28.03.2022;10;11.5;6;9;0;0;5.4;-999;5.2;7.7;1011;6.5;80;11.4;2.6;-0.6;eor;11.6;;;;;;
29.03.2022;10;12.7;5.7;9;0;0;7.1;-999;7.5;5.8;1001.4;5.8;64;9.7;2.6;-0.5;eor;13.537;;;;;;
30.03.2022;10;9.7;4.1;9;0;0;0.6;-999;8;5.2;998;3;69;6.5;-0.2;-3;eor;6.674;;;;;;
31.03.2022;10;-999;-999;9;0;0;9;-999;8;3.6;998.5;1.7;53;5.5;-3;-4.1;eor;15.862;;;;;;
01.04.2022;10;18.4;9.6;9;0;4;6.7;-999;8;3.7;1001.2;2.3;52;5.8;-0.5;-2;eor;13.497;;;;;;
02.04.2022;10;14.1;5.8;9;0.5;4;2.8;-999;7.6;4.3;1007.1;1;66;4.9;-3.2;-8.3;eor;9.338;;;;;;
03.04.2022;10;11.1;4.8;9;0;4;4.9;-999;6.4;4.6;1007.6;2.5;64;7.6;-4.5;-10;eor;11.759;;;;;;
04.04.2022;10;19.7;9;9;5.3;4;0.2;-999;7.4;6.5;992.7;3.5;82;6.4;1.5;0.6;eor;6.638;;;;;;
05.04.2022;10;14.4;6.7;9;4.5;4;2.3;-999;6.7;6.6;990.8;4.6;78;8.2;2.9;1.4;eor;9.07;;;;;;
06.04.2022;10;15.9;6.4;9;0.5;4;0;-999;7.9;8.8;988.1;8.3;82;10.9;3.4;3.2;eor;6.569;;;;;;
07.04.2022;10;21.7;7.5;9;4.5;4;2.7;-999;7.3;8.5;975.1;8.9;75;13.5;4.8;4.4;eor;9.708;;;;;;
08.04.2022;10;17.5;-999;9;0;0;7.8;-999;6.8;6.1;982.3;6;67;10;2.5;-0.1;eor;15.623;;;;;;
09.04.2022;10;19;7.6;9;0.6;4;6.9;-999;3.9;6.2;992.8;4.3;75;8.9;1;-0.8;eor;14.717;;;;;;
10.04.2022;10;20.5;7;9;0.3;4;4.6;-999;6.5;6.2;1004.5;4.5;74;8.4;2.7;1.1;eor;12.182;;;;;;
11.04.2022;10;10.6;4.8;9;0;4;6.2;-999;6.5;6.3;1010.2;5.5;71;10.4;1.9;-4;eor;14.144;;;;;;
12.04.2022;10;10.8;4;9;0;0;12;-999;6.8;6;1010.9;7.6;59;14.6;-1.1;-4.5;eor;21.026;;;;;;
13.04.2022;10;11;3.7;9;0;4;7.5;-999;7.3;7.3;1009.2;12.8;50;20;5.4;3.4;eor;15.895;;;;;;
14.04.2022;10;7.1;3;9;4.6;4;0.8;-999;7.7;11.9;1010.4;11.3;88;15.2;7.3;4.9;eor;8.112;;;;;;
15.04.2022;10;11.1;5;9;1.3;4;0;-999;7.1;8.6;1016.9;5.8;92;8.5;0.6;-2.2;eor;7.242;;;;;;
16.04.2022;10;11.2;4.2;9;0;0;13;-999;3.4;5.6;1026.4;5.6;64;11.9;-1.7;-4.6;eor;22.797;;;;;;
17.04.2022;10;8.6;2.6;9;0;0;11.2;-999;3.9;6.4;1021.6;7.1;65;13.1;-0.4;-4.7;eor;20.788;;;;;;
18.04.2022;10;8.4;2.9;9;0;0;12.5;-999;6.4;6.3;1012.8;6.9;65;14.1;1.2;-3.5;eor;22.484;;;;;;
19.04.2022;10;11.7;5.2;9;0;0;13.2;-999;4.6;6.6;1009.1;7;68;12.8;0.8;-1.8;eor;23.468;;;;;;
20.04.2022;10;11.9;5.1;9;0;4;6.2;-999;7.4;7.9;1009;8.1;74;13.9;4.8;2.9;eor;15.118;;;;;;
21.04.2022;10;10.7;4.8;9;0;0;6.6;-999;5.9;8.5;1006.8;8.1;80;15.1;3.6;0.5;eor;15.707;;;;;;
22.04.2022;10;11.8;4.9;9;0.1;4;5.8;-999;4.6;9;1004.1;8.9;80;15.8;3.2;0;eor;14.831;;;;;;
23.04.2022;10;11.4;4.2;9;0;0;13.1;-999;0.4;8.2;1003.7;8.4;77;15.3;2.7;-1.2;eor;23.891;;;;;;
24.04.2022;10;14.9;7;9;0;0;8.4;-999;6.2;8.4;999.9;7;84;11.9;3.5;1.9;eor;18.227;;;;;;
25.04.2022;10;10.8;4.3;9;0;0;4.8;-999;5;7.9;1004.2;7.4;78;12.7;2.8;-2.6;eor;13.879;;;;;;
26.04.2022;10;9.6;2;9;0;0;11.1;-999;4;7;1009.1;8.7;65;15.3;0.9;-3.4;eor;21.79;;;;;;
27.04.2022;10;12.9;3.4;9;0;0;10;-999;4.1;7.4;1015.5;9.1;66;16;2.1;-2.6;eor;20.533;;;;;;
28.04.2022;10;9.1;3.3;9;0;0;13.3;-999;4.3;7.7;1019.8;9.5;67;15.5;3;-2;eor;24.767;;;;;;
29.04.2022;10;8.9;2.9;9;0;0;11.3;-999;7.3;8;1019.3;10.5;65;17.2;4.1;-1.8;eor;22.376;;;;;;
30.04.2022;10;7.1;2.5;9;0;0;6.4;-999;7.5;8.4;1015.6;9.9;70;15.4;4.6;1.4;eor;16.317;;;;;;
01.05.2022;10;6.3;2.2;9;0;0;4;-999;7.5;7.8;1014.4;10.6;62;15.1;6.1;3.1;eor;13.374;;;;;;
02.05.2022;10;10.5;2.6;9;0;0;9.3;-999;3.9;7.8;1011.2;10.6;64;16.3;5.1;0.1;eor;20.162;;;;;;
03.05.2022;10;8;3;9;0;0;5.4;-999;5.1;8.7;1008.9;9.7;72;14.7;4.5;-0.8;eor;15.303;;;;;;
04.05.2022;10;9.8;2.3;9;1;4;7.2;-999;5.5;9.4;1009.8;11.4;72;18;2.9;-1.2;eor;17.674;;;;;;
05.05.2022;10;7.8;2.6;9;0;0;8.8;-999;4.3;9;1012.5;11.6;67;17.2;6.8;2.1;eor;19.8;;;;;;
06.05.2022;10;7.5;2.2;9;0;0;7.4;-999;4.8;9.7;1015.5;12.9;66;17.5;5.2;0.7;eor;18.094;;;;;;
07.05.2022;10;10.4;3.6;9;0;0;4.7;-999;7.1;11.3;1013.7;14.8;68;20.1;9.6;5.4;eor;14.709;;;;;;
08.05.2022;10;8.5;3.8;9;0;0;14.2;-999;2.6;8.5;1017.9;10.7;68;16.7;4.5;1;eor;27.001;;;;;;
09.05.2022;10;9.8;3.9;9;0;0;13.2;-999;4.5;9.1;1019.7;12.7;65;19.5;6.7;5.3;eor;25.808;;;;;;
10.05.2022;10;12.9;4;9;0.7;4;10.1;-999;7.5;10.2;1009.5;18.2;50;25.1;10.3;7;eor;21.893;;;;;;
11.05.2022;10;10.1;3.2;9;1.3;4;4.7;-999;7.2;14.3;1001.5;16.8;76;24.6;9.7;7.4;eor;14.98;;;;;;
12.05.2022;10;15.7;5.4;9;0;0;6.7;-999;5.7;10.4;1004.8;14;67;18.8;9.8;3.6;eor;17.639;;;;;;
13.05.2022;10;12.8;4.5;9;1.7;4;3;-999;7.1;10.5;1007.6;13.1;69;17.3;10.9;8.1;eor;12.895;;;;;;
14.05.2022;10;13.2;5.8;9;0;0;4;-999;7.3;10.4;1009.7;13.2;69;18.9;6.4;2.9;eor;14.254;;;;;;
15.05.2022;10;10.4;3;9;0;0;14.5;-999;1.8;9.5;1013.4;12.7;67;19.5;5.1;1.1;eor;28.015;;;;;;
16.05.2022;10;9.6;3;9;0;0;12.9;-999;5.8;10.2;1011.6;13.9;67;21.4;5.9;1.3;eor;26.002;;;;;;
17.05.2022;10;10.9;3.7;9;0;0;8.5;-999;-999;9.5;1012.8;14.1;62;22.8;8.1;6.4;eor;20.314;;;;;;
18.05.2022;10;10.7;4.1;9;0;0;13.4;-999;5.8;8.7;1016.6;16.5;47;24.2;7.6;5.8;eor;26.803;;;;;;
19.05.2022;10;13.6;3.7;9;0.1;4;11.8;-999;7;13.1;1010.8;21.8;52;29.1;15;13.8;eor;24.771;;;;;;
20.05.2022;10;11.7;4.2;9;1.4;4;4.1;-999;7.5;14.6;1007.7;16.5;79;19.4;13.3;12.7;eor;14.708;;;;;;
21.05.2022;10;25.5;7.9;9;9;4;3.9;-999;6.3;11.9;1005.3;13.1;79;16.5;9;6.4;eor;14.493;;;;;;
22.05.2022;10;9.5;3.7;9;0;4;6.6;-999;5.3;11.1;1007.4;13;76;17.6;8.7;6.4;eor;18.1;;;;;;
23.05.2022;10;11.5;4.5;9;1.8;4;14.5;-999;5.5;9.8;1000.7;15.8;58;21.6;7.2;4.9;eor;28.579;;;;;;
24.05.2022;10;11.7;3.9;9;6.6;4;2.4;-999;6.8;13.5;996.1;15.1;79;20.4;10.1;5.2;eor;12.645;;;;;;
25.05.2022;10;14.7;3.2;9;1.1;4;9.8;-999;5.9;11.4;1004.7;14.3;71;19.6;8.5;4.3;eor;22.477;;;;;;
26.05.2022;10;17.2;7.1;9;2.6;4;4.1;-999;7.4;10.9;1006.1;14.7;66;18.9;11.3;10.8;eor;14.975;;;;;;
27.05.2022;10;19.2;7.6;9;3.6;4;7.2;-999;6.2;10.5;1003.7;11.8;76;15.4;7.5;6.4;eor;19.124;;;;;;
28.05.2022;10;16.4;7.6;9;1.2;4;1.4;-999;7.2;9.7;1002.1;10.6;76;14.8;7;5.9;eor;11.469;;;;;;
29.05.2022;10;6.9;2.7;9;0;4;2.1;-999;7.5;10.2;1002.1;11.7;75;15.3;7.9;6.1;eor;12.431;;;;;;
30.05.2022;10;9.3;3.6;9;0;4;1.9;-999;7.8;10.7;1003.3;11.4;80;14.4;8.7;6.2;eor;12.198;;;;;;
31.05.2022;10;7.5;2.9;9;0;0;7.1;-999;6.9;9.9;1006.1;12.8;69;18.3;7.9;4.8;eor;19.145;;;;;;
01.06.2022;10;10.4;2.3;9;6.1;4;3.5;-999;7.7;11.4;1004.8;11.6;84;16.8;8;5;eor;14.387;;;;;;
02.06.2022;10;12.7;4.5;9;0;4;6.7;-999;4.6;10.7;1010.9;12.6;75;16.7;8.2;2.5;eor;18.678;;;;;;
03.06.2022;10;8.7;2.3;9;0;0;15.1;-999;2.1;10.9;1012.8;14.7;69;21.9;6.1;0.7;eor;29.902;;;;;;
04.06.2022;10;9.8;3.3;9;0;0;15.2;-999;3.5;12.1;1013.1;14.7;75;20.7;8.2;2.9;eor;30.07;;;;;;
05.06.2022;10;8.3;3.6;9;0.9;4;14.1;-999;3;11.9;1010.8;16.4;68;24.4;5.1;1.9;eor;28.634;;;;;;
06.06.2022;10;12.8;3.5;9;7.2;4;2.1;-999;6.5;15;1005.2;18.1;74;24.1;13.4;12.4;eor;12.648;;;;;;
07.06.2022;10;11.9;3.8;9;0;0;9.4;-999;4.6;12.8;1003.6;18.1;64;23.5;12.9;9.1;eor;22.415;;;;;;
08.06.2022;10;7.1;2.2;9;2.6;4;8.4;-999;6.5;14.4;1000.6;17.4;74;23.6;12.2;8.2;eor;21.102;;;;;;
09.06.2022;10;8.2;3.2;9;0;4;3.6;-999;7;15.4;1003;17.6;77;21.5;12.4;9.5;eor;14.709;;;;;;
10.06.2022;10;9.5;3.4;9;0;0;9.5;-999;4.4;12.5;1012.5;17.5;66;23.6;10.8;8;eor;22.611;;;;;;
11.06.2022;10;12.1;3.2;9;0.5;4;7.4;-999;5.2;14.4;1012.5;19.5;65;26.4;13.3;8.1;eor;19.82;;;;;;
12.06.2022;10;9.5;2.2;9;1;4;11.7;-999;5.9;12.1;1011.3;18.2;60;24.3;10.9;6.9;eor;25.584;;;;;;
13.06.2022;10;14.1;4.7;9;0;4;9.9;-999;5.2;11.3;1009.3;14.2;72;18.8;9.1;7.5;eor;23.191;;;;;;
14.06.2022;10;8.9;-999;9;0;0;1.4;-999;7;10.8;1012.6;13.2;72;17.4;8.2;4.2;eor;11.833;;;;;;
15.06.2022;10;8.2;2.3;9;0;0;7;-999;7;11.5;1011.9;15.5;69;22.1;8.4;3.6;eor;19.333;;;;;;
16.06.2022;10;10.2;3.5;9;0;0;9.2;-999;6.2;11.4;1011.5;16;65;21.4;9.9;5.9;eor;22.283;;;;;;
17.06.2022;10;7.6;3.2;9;0;4;9.1;-999;6.8;12.8;1014.1;18.2;64;24.2;10.7;7.2;eor;22.155;;;;;;
18.06.2022;10;11.7;4.4;9;0;0;13.3;-999;2.6;15.2;1006.7;22.7;56;30.9;14.7;11.5;eor;27.778;;;;;;
19.06.2022;10;11.1;4.4;9;0;4;9.2;-999;4.8;14.2;1001.9;17;74;24.1;13.1;11.9;eor;22.295;;;;;;
20.06.2022;10;12.9;3;9;2;4;3.5;-999;6.3;12.4;1003;13.5;81;18;9.6;8.3;eor;14.67;;;;;;
21.06.2022;10;12.3;4.6;9;0;0;11.5;-999;2.8;11.4;1004.7;16.5;65;23.4;10;5.6;eor;25.371;;;;;;
22.06.2022;10;9.1;2.2;9;0;0;15.4;-999;1.1;12.3;1005;17.9;63;25;8.4;4.3;eor;30.583;;;;;;
23.06.2022;10;8.3;2.6;9;0;0;15.6;-999;0.7;14.2;1007;19.2;68;27.2;9.5;5.6;eor;30.844;;;;;;
24.06.2022;10;13.2;4.8;9;0.1;4;14;-999;2.7;14.2;1001.5;23.8;54;31;12.7;8.9;eor;28.696;;;;;;
25.06.2022;10;8.1;2.4;9;0;4;5.3;-999;7.3;18.9;1003.4;23.1;68;29.1;17.9;15;eor;17.057;;;;;;
26.06.2022;10;10;2.6;9;0.5;4;8.1;-999;5.1;19.8;1006.3;23.2;72;29.9;16.7;13.4;eor;20.79;;;;;;
27.06.2022;10;11.3;3.7;9;9.2;4;10.5;-999;3.7;19;1005.5;24.7;67;34.1;15.7;12.7;eor;23.984;;;;;;
28.06.2022;10;9.2;3.8;9;0;4;7.6;-999;4.3;15.5;1011.7;18.9;73;24.7;13.2;9.2;eor;20.096;;;;;;
29.06.2022;10;7.6;3.1;9;0;4;10.3;-999;5.6;14.5;1010.2;18.3;71;23.6;11.6;7.8;eor;23.686;;;;;;
30.06.2022;10;7.2;3.4;9;0;0;2.1;-999;5.6;18.3;1005.7;18.5;86;22.7;13.3;11.5;eor;12.724;;;;;;
01.07.2022;10;12.1;4;9;6.8;4;1.1;-999;7.5;18.8;1006.6;17.9;92;25.3;13.8;12.9;eor;11.374;;;;;;
02.07.2022;10;8.9;2.9;9;0;0;13.7;-999;1.8;13.5;1013.9;19.2;64;25;13.8;9.5;eor;28.159;;;;;;
03.07.2022;10;12.9;3.6;9;4.8;4;11.5;-999;3.7;13.8;1009.2;21.8;55;28.3;14.1;10.4;eor;25.201;;;;;;
04.07.2022;10;9.7;3.6;9;0;0;10.2;-999;4.5;14.1;1009.3;18.9;67;23.9;13.6;10.5;eor;23.442;;;;;;
05.07.2022;10;10;3.9;9;0;4;10.4;-999;3.8;12;1011.6;17.8;61;23;13.1;8.5;eor;23.681;;;;;;
06.07.2022;10;9.5;3.8;9;2.9;4;1.4;-999;6.5;11.9;1011.9;15.2;69;18.6;10.9;8.8;eor;11.677;;;;;;
07.07.2022;10;12.6;4.8;9;2.3;4;1.1;-999;7.6;15.4;1007.6;15.7;86;20.8;13;12;eor;11.254;;;;;;
08.07.2022;10;13.3;5.5;9;0;4;4.2;-999;5.3;14.1;1015.5;15.7;80;20.8;11.2;8.4;eor;15.348;;;;;;
09.07.2022;10;13.9;6;9;0.4;4;6.8;-999;5.8;13.1;1012.5;16.3;72;22.4;12.4;11.1;eor;18.771;;;;;;
10.07.2022;10;13.2;5.8;9;0;4;6.1;-999;6;11.7;1010;15.2;69;19.6;10.7;9.4;eor;17.808;;;;;;
11.07.2022;10;11;4.2;9;0;0;9.6;-999;5.2;11.9;1012.1;17;64;23;10.6;7;eor;22.413;;;;;;
12.07.2022;10;11.8;4.4;9;0;0;14.9;-999;2;12.7;1013.8;19.1;60;26.2;9.9;5.4;eor;29.392;;;;;;
13.07.2022;10;13.3;4.9;9;0;4;3.3;-999;6.3;15.6;1008.9;21.5;63;28.7;13;10.6;eor;13.995;;;;;;
14.07.2022;10;13.7;4.5;9;0.3;4;7.6;-999;5.1;11.5;1008.5;15.6;68;22.1;10.7;6.7;eor;19.643;;;;;;
15.07.2022;10;13.6;5.8;9;1.9;4;3.2;-999;7.5;10.9;1009.2;15.1;65;20.4;11.2;9.2;eor;13.789;;;;;;
16.07.2022;10;16.6;6.4;9;0.8;4;8.3;-999;4.3;11.6;1010;15.4;67;20.5;9.7;6.9;eor;20.477;;;;;;
17.07.2022;10;10.8;4.1;9;0;4;8.3;-999;6.3;11.2;1016.8;16.3;63;23.1;9.4;5;eor;20.429;;;;;;
18.07.2022;10;6.8;2.5;9;0;0;4.8;-999;7.5;14.2;1015;20.4;61;25.5;13.7;9.4;eor;15.774;;;;;;
19.07.2022;10;8.8;2.3;9;0;0;14.9;-999;0.5;13.1;1011.7;23.6;50;33;13.6;8.4;eor;29.002;;;;;;
20.07.2022;10;10.9;3.4;9;0;0;13.4;-999;2.3;13.7;1009.7;27.6;41;36.9;16;11.2;eor;26.968;;;;;;
21.07.2022;10;11.9;4.1;9;0;4;8.3;-999;5.1;16.6;1007.5;24.5;55;29.7;19.2;15.6;eor;20.219;;;;;;
22.07.2022;10;11.3;3.8;9;0.1;4;3.6;-999;7.3;16;1009.1;18.9;74;22.2;13;8.2;eor;14.01;;;;;;
23.07.2022;10;11.2;4.5;9;0;4;5.4;-999;6.4;12.3;1009.3;16.8;66;22.2;12.6;7.9;eor;16.313;;;;;;
24.07.2022;10;8.7;2.7;9;0;0;14.8;-999;3;11.9;1010.5;20;54;27;10.4;5.4;eor;28.523;;;;;;
25.07.2022;10;21.6;4.2;9;10;4;8.4;-999;6.4;15.1;1001.6;24.7;52;33.8;17.1;14.5;eor;20.109;;;;;;
26.07.2022;10;13.8;5;9;0;0;7.7;-999;4.2;14.8;1003.7;17.8;73;22.8;11;7.2;eor;19.134;;;;;;
27.07.2022;10;14.2;5.1;9;0;0;5.1;-999;4.8;10.9;1008.3;15;65;21.1;10.2;5.7;eor;15.694;;;;;;
28.07.2022;10;8.2;2.8;9;0;0;9.9;-999;5.2;10.8;1011.9;15.2;65;21.6;9.3;3.8;eor;21.852;;;;;;
29.07.2022;10;11.2;4.5;9;0;0;9.5;-999;6;14;1011.1;18.2;70;26.5;9.4;6.1;eor;21.261;;;;;;
30.07.2022;10;8.7;3.4;9;0;0;10.6;-999;5;13.4;1009.3;18.9;64;26.4;12.8;8.7;eor;22.605;;;;;;
31.07.2022;10;6.8;1.8;9;0.4;4;9.3;-999;4.2;14.2;1006.8;19.9;65;27.5;11.1;7;eor;20.851;;;;;;
01.08.2022;10;11.2;3.5;9;2.5;4;3.3;-999;6.9;16.6;1006.2;18.1;80;22.3;12.7;6.4;eor;13.063;;;;;;
02.08.2022;10;9;2.4;9;0;0;11.9;-999;5.9;11.8;1009.5;19.2;57;25.6;11.2;5.1;eor;24.025;;;;;;
03.08.2022;10;10.7;2.9;9;0;0;10.6;-999;6.3;14.4;1007.3;26.2;44;32.9;19.6;15.6;eor;22.271;;;;;;
04.08.2022;10;14.2;2.7;9;8.1;4;13.3;-999;4.4;15.4;1005.1;28;46;36.5;16.9;14.9;eor;25.628;;;;;;
05.08.2022;10;13;3.3;9;10.7;4;0.5;-999;7.1;19.9;1006.7;18.9;91;22.6;13.8;12.4;eor;9.239;;;;;;
06.08.2022;10;11.8;4.1;9;0;0;8.9;-999;2.8;11.8;1016.3;16.1;67;21.4;11.5;7.7;eor;19.842;;;;;;
07.08.2022;10;9.2;2.7;9;0;0;11.3;-999;3.8;11.4;1017;17;62;23.6;10.1;6.6;eor;22.791;;;;;;
08.08.2022;10;11.2;2.3;9;0;0;9.3;-999;5.4;13;1017.1;18.4;64;24;12.6;10.3;eor;20.167;;;;;;
09.08.2022;10;9.5;3;9;0;0;10.8;-999;3.8;13.8;1019.9;18.4;68;25.2;12.6;9.8;eor;21.961;;;;;;
10.08.2022;10;9.5;3;9;0;0;12.7;-999;3.3;14.5;1019.4;18.8;70;25.9;11.4;7.9;eor;24.243;;;;;;
11.08.2022;10;8.8;3.1;9;0;0;13.9;-999;1.3;13.8;1016.3;20.3;62;28.4;12.2;9.4;eor;25.632;;;;;;
12.08.2022;10;9.8;3.1;9;0;0;13.8;-999;0.5;13.1;1014;21.9;55;29.7;13;9.8;eor;25.389;;;;;;
13.08.2022;10;11.1;3.8;9;0;0;7.8;-999;5.9;16;1010.8;22.4;61;29.9;15.3;12.6;eor;17.813;;;;;;
14.08.2022;10;9.9;3.8;9;0;0;13.6;-999;3.6;18.1;1004.1;23;67;30.1;16.5;14;eor;24.899;;;;;;
15.08.2022;10;10.6;3.9;9;10.6;4;8.1;-999;4.9;19.8;997.6;23.2;71;30.7;17.6;15.6;eor;17.987;;;;;;
16.08.2022;10;7.8;2.8;9;0;4;13.1;-999;1.6;19.8;1000.3;23.2;73;29.1;17.9;16.6;eor;24.033;;;;;;
17.08.2022;10;7.9;2.7;9;16.1;4;8.3;-999;4.7;19.9;1003.9;23.5;71;29.4;17.9;14.8;eor;18.027;;;;;;
18.08.2022;10;9;2.7;9;23.7;4;7.1;-999;7.4;20.7;1002.9;24.4;69;31.2;19.3;17.8;eor;16.456;;;;;;
19.08.2022;10;8.3;3.5;9;10.7;4;0.1;-999;7.8;21.7;1002.9;20.1;92;22.2;18.3;18;eor;7.847;;;;;;
20.08.2022;10;7.1;3.1;9;0.1;4;0;-999;7.9;19.5;1005.8;19.9;84;22.4;15.8;13.4;eor;7.657;;;;;;
21.08.2022;10;7.4;2.7;9;0;0;6.3;-999;7;15;1007.4;18.3;73;23.6;14.2;11.4;eor;15.181;;;;;;
22.08.2022;10;7.9;2.6;9;0;0;6.5;-999;6.9;16.4;1009.5;18.4;79;23.3;12;10.1;eor;15.319;;;;;;
23.08.2022;10;8.7;3.1;9;0;0;9.8;-999;3.7;16.4;1011.3;19.1;77;24.1;15.1;12.3;eor;19.157;;;;;;
24.08.2022;10;8.7;3.4;9;0;0;9.1;-999;3;19.3;1013.5;19.6;85;25;14.5;11.9;eor;18.2;;;;;;
25.08.2022;10;9.3;4.1;9;0;4;6.4;-999;4.2;20.8;1011.7;20.6;86;25.8;16.5;16;eor;14.882;;;;;;
26.08.2022;10;10;3.2;9;15.9;4;2.8;-999;7;22.4;1006.1;21.1;90;27.4;18.6;18.3;eor;10.533;;;;;;
27.08.2022;10;-999;-999;9;5.3;4;0;-999;7.8;21.4;1004.4;19.4;95;21.8;17.8;17.3;eor;7.162;;;;;;
28.08.2022;10;-999;-999;9;0.5;4;5;-999;5.2;17;1007.4;18.1;82;21.6;14.4;11.7;eor;12.921;;;;;;
29.08.2022;10;9.6;4.3;9;1.9;4;0.8;-999;7.5;17.2;1010.7;16.9;90;20;14.5;13.2;eor;7.945;;;;;;
30.08.2022;10;7.4;3.2;9;0;4;4.2;-999;5.9;14.6;1014.5;16;81;19.9;11;7.7;eor;11.79;;;;;;
31.08.2022;10;7.9;2.6;9;0;0;5.3;-999;3.5;12.9;1016.3;14.7;78;20.6;9.5;6.4;eor;12.952;;;;;;
01.09.2022;10;9.1;2.3;9;0;4;5.1;-999;2.6;12.3;1015.8;13.8;79;19.7;9.5;4.8;eor;12.615;;;;;;
02.09.2022;10;9.2;3.6;9;0;0;10.7;-999;1.7;11.4;1013.8;14.5;71;20.7;8.3;3.8;eor;18.862;;;;;;
03.09.2022;10;11.5;5.4;9;0;0;8.6;-999;6.5;11.1;1012;15.9;62;20.8;10.5;8.9;eor;16.347;;;;;;
04.09.2022;10;11.5;4.7;9;0;0;6.3;-999;6.7;11.4;1015.1;15.7;65;22.4;8.8;7.2;eor;13.634;;;;;;
05.09.2022;10;12.1;5.4;9;0;0;10.8;-999;6.5;11.4;1017.7;16.4;62;22.4;10.6;8;eor;18.531;;;;;;
06.09.2022;10;11.5;5.4;9;0;0;7.8;-999;5.9;10.8;1013.6;15;64;20.3;9.6;8.1;eor;15.057;;;;;;
07.09.2022;10;10.1;-999;9;1.1;4;3.6;-999;7.2;12;1007.3;16.8;63;22.3;11.1;8.9;eor;10.303;;;;;;
08.09.2022;10;10.4;5.3;9;51.5;4;0;-999;7.3;13.4;1002.1;13.4;87;16.5;11.4;10.1;eor;6.264;;;;;;
09.09.2022;10;6.9;2.4;9;0;0;5.2;-999;6.5;15.8;1002.6;17.2;82;22.6;13;11;eor;11.835;;;;;;
10.09.2022;10;7.3;-999;9;16.4;4;7.7;-999;6;15.2;1003.7;15.8;85;21.6;10.6;8.9;eor;14.417;;;;;;
11.09.2022;10;10.3;3;9;0.1;4;1.1;-999;7;15.6;1007.8;15.3;90;18.6;12.5;10.7;eor;7.212;;;;;;
12.09.2022;10;4.9;1.8;9;0.2;4;3.9;-999;6.7;13.8;1008;14.8;84;19.3;9.7;7.7;eor;10.105;;;;;;
13.09.2022;10;10.5;4.3;9;0.3;4;4.3;-999;6.3;14;999.1;15.6;79;20;12.9;11;eor;10.421;;;;;;
14.09.2022;10;9.2;3.9;9;0.1;4;0.8;-999;7.8;12.8;995.9;14.5;78;17.4;11.6;9.6;eor;6.641;;;;;;
15.09.2022;10;12.9;5.7;9;1.9;4;5.9;-999;5.3;11.9;993.4;13.7;76;17.5;10.6;8.8;eor;11.864;;;;;;
16.09.2022;10;14.9;6.7;9;3.3;4;6.2;-999;4.7;10.8;993.3;12;78;15.9;9.4;7.8;eor;12.049;;;;;;
17.09.2022;10;12.5;4.7;9;0.5;4;1;-999;7.8;12.3;994.7;12;88;15.5;10.2;9;eor;6.595;;;;;;
18.09.2022;10;14.3;5.7;9;0;4;7.3;-999;4.5;10.1;996.4;10.3;81;14.5;6.7;5;eor;12.913;;;;;;
19.09.2022;10;13.3;4.1;9;3.2;4;3.4;-999;6.6;11.2;1002.6;10.8;87;16.4;7;4.7;eor;8.844;;;;;;
20.09.2022;10;10.6;3.2;9;1;4;6.5;-999;2.8;10.7;1010.8;10.1;87;15.4;6.1;2.9;eor;11.838;;;;;;
21.09.2022;10;7.7;2.8;9;0;4;7.3;-999;2.7;10.5;1016.9;10.8;82;16.9;6.1;1.5;eor;12.5;;;;;;
22.09.2022;10;4.9;1.2;9;0;0;9.8;-999;2.9;9.2;1016;10.6;74;16.3;3.7;1.1;eor;14.82;;;;;;
23.09.2022;10;6.8;2.4;9;0;0;9.2;-999;7;8.9;1010;11.7;66;16.3;4.1;1.4;eor;14.075;;;;;;
24.09.2022;10;4.7;1.7;9;0;4;0;-999;8;10.9;1005.4;12.4;76;15.3;9.4;7.6;eor;5.034;;;;;;
25.09.2022;10;7.8;1.8;9;0;4;0.1;-999;7.8;12.5;1002.8;12.9;84;16.5;10.4;9;eor;5.053;;;;;;
26.09.2022;10;9.7;3.3;9;0.1;4;4.2;-999;7.5;10.5;993.9;11.9;76;16;7.6;5.6;eor;8.866;;;;;;
27.09.2022;10;9.7;3.2;9;3.8;4;0.6;-999;7.9;11.4;986.1;11;86;13.7;9.4;8.6;eor;5.37;;;;;;
28.09.2022;10;6.1;2.6;9;1.4;4;1.4;-999;6.9;10.4;988.2;9.3;89;11.6;7.1;5.4;eor;6.035;;;;;;
29.09.2022;10;8.1;3;9;0;0;8.1;-999;1.5;9.7;994.4;9.5;82;14;6.4;2.8;eor;12.127;;;;;;
30.09.2022;10;8.3;2.9;9;0;0;10.3;-999;0.1;9.4;1001.9;10.7;74;16;6.3;4.5;eor;13.99;;;;;;
01.10.2022;10;12.9;4.5;9;3.7;4;1;-999;6.9;10.9;996.8;10.4;86;12.4;8;6.2;eor;5.413;;;;;;
02.10.2022;10;13.9;6;9;0.5;4;7.1;-999;3.8;11.7;1003.1;11.9;84;15.8;9.8;8.2;eor;10.792;;;;;;
03.10.2022;10;12.9;5.6;9;0.2;4;2.1;-999;7.2;12.1;1011;12.3;85;15.9;10.5;9.2;eor;6.223;;;;;;
04.10.2022;10;7.6;3.7;9;0;0;2.4;-999;7.2;12.5;1011.6;12.8;85;15.9;9;6.7;eor;6.395;;;;;;
05.10.2022;10;10.2;4.3;9;0.4;4;3.6;-999;5.1;12.4;1007;13.9;78;17.8;11.1;9.4;eor;7.343;;;;;;
06.10.2022;10;14;5.8;9;0;0;8.2;-999;2.5;11.3;1015.4;13.9;72;16.8;9.8;6.9;eor;11.105;;;;;;
07.10.2022;10;9.5;2.9;9;0;0;9.9;-999;3.5;9.6;1014.2;11.5;72;16.7;6.5;2.2;eor;12.405;;;;;;
08.10.2022;10;13.9;4.1;9;0.8;4;3.3;-999;4.3;10.2;1008.2;10.2;82;14.9;6.7;2.9;eor;6.779;;;;;;
09.10.2022;10;6.5;2.7;9;0;0;9.2;-999;2;9.8;1016.2;9.9;81;15.3;6;2.3;eor;11.503;;;;;;
10.10.2022;10;11.4;3.7;9;0;4;5.4;-999;5.5;9.8;1008.5;11.1;75;15.5;6.1;1.5;eor;8.307;;;;;;
11.10.2022;10;10.3;3.7;9;0;4;6.5;-999;3.8;10.1;1015.2;10.5;81;14.7;6.7;4.2;eor;9.084;;;;;;
12.10.2022;10;4.2;2;9;0;4;0.5;-999;5.5;10.3;1016.8;10.7;80;14.6;6.2;3;eor;4.13;;;;;;
13.10.2022;10;6.1;2.6;9;0;4;3.2;-999;6.8;10.5;1010;10.4;83;14.8;5.4;2.9;eor;6.205;;;;;;
14.10.2022;10;7.5;2.5;9;0.2;4;1.9;-999;7.1;12.2;1004.9;12.5;84;15.8;9.9;6.8;eor;5.087;;;;;;
15.10.2022;10;9;3.1;9;0.1;4;4.4;-999;6;13.4;999.6;14.1;84;17.4;11.8;9.6;eor;6.947;;;;;;
16.10.2022;10;11.6;3.7;9;0;4;5.9;-999;6;13.3;1007.1;14.9;79;19.4;9.7;6.3;eor;7.993;;;;;;
17.10.2022;10;8.6;3.2;9;0.8;4;6.5;-999;7.7;15.3;1013.3;16.7;80;22.3;9;7.3;eor;8.331;;;;;;
18.10.2022;10;9.7;3.7;9;0.1;4;2.2;-999;6.9;13.8;1016;13.8;87;16.1;11.4;7.8;eor;4.984;;;;;;
19.10.2022;10;8.9;3.5;9;0;4;7.2;-999;3.3;9.5;1018.5;9.3;81;12.6;3;-0.8;eor;8.606;;;;;;
20.10.2022;10;10.6;4;9;0.8;4;9;-999;5.7;8;1013.7;7.1;80;12.4;0.9;-1.9;eor;9.723;;;;;;
21.10.2022;10;6.9;2.8;9;0.2;4;2.9;-999;7.4;11.2;1002.8;10.7;87;14;6.7;5.1;eor;5.245;;;;;;
22.10.2022;10;7;3;9;0.5;4;3.1;-999;6.9;14.8;1004;14.1;92;17.5;12.1;9.7;eor;5.301;;;;;;
23.10.2022;10;6.2;2.9;9;1.4;4;4;-999;7.4;13.7;1005.8;13.7;88;17.2;10.7;9.1;eor;5.849;;;;;;
24.10.2022;10;9.2;3.5;9;0;4;2.1;-999;6.6;14.3;1000.3;14.9;85;18.2;12.4;9.3;eor;4.432;;;;;;
25.10.2022;10;9.7;3.8;9;0.3;4;2.4;-999;4.6;12.8;1005.2;12.8;86;15.9;9.7;7.8;eor;4.562;;;;;;
26.10.2022;10;6.5;2.6;9;0;0;8.5;-999;6.5;12.2;1010.2;12.3;86;17.1;8.1;6.7;eor;8.559;;;;;;
27.10.2022;10;6.5;2.8;9;0;0;6.8;-999;7.8;14.1;1015.2;14.1;88;18.2;11;9.1;eor;7.358;;;;;;
28.10.2022;10;7.2;3.2;9;0;4;4.9;-999;7.5;15;1010.5;16.6;80;21.4;13.1;11.1;eor;5.987;;;;;;
29.10.2022;10;8.2;3.1;9;0;4;4.5;-999;7.8;14.5;1011.6;14.5;88;16.9;12.2;10.9;eor;5.631;;;;;;
30.10.2022;10;5.5;2.1;9;0;4;7;-999;6.1;14.6;1009.6;14.1;91;19.4;10.4;6.2;eor;7.153;;;;;;
31.10.2022;10;6.6;2.2;9;0;4;2.3;-999;6;14.1;1011.4;12.2;99;14.1;7.9;4.6;eor;4.049;;;;;;
01.11.2022;10;8.5;3.5;9;0;4;1.2;-999;6.3;13.8;1007.2;13.2;90;16.3;9.4;6.2;eor;3.288;;;;;;
02.11.2022;10;13.7;4.2;9;0.7;4;3.7;-999;3.8;9.7;1009.6;9.6;81;14;6.1;3.7;eor;4.779;;;;;;
03.11.2022;10;9.7;4;9;0;4;5.3;-999;7.5;8.7;1005.6;8.6;78;12.5;5.1;2.8;eor;5.619;;;;;;
04.11.2022;10;7.2;2.6;9;1;4;0;-999;7.9;10.6;997.6;8.7;94;10.4;6.3;5;eor;2.386;;;;;;
05.11.2022;10;10;3.9;9;0;0;7.7;-999;4.1;9.1;1006;8.2;84;11.5;5.3;3.1;eor;6.874;;;;;;
06.11.2022;10;11.2;3.9;9;0;4;6.3;-999;6;8.4;1005.5;7.9;78;11.9;5.2;3.5;eor;5.945;;;;;;
07.11.2022;10;12.1;4.9;9;0;4;3;-999;7.5;9.9;1002;10.8;76;13.2;7.8;6.8;eor;3.992;;;;;;
08.11.2022;10;9.5;3.8;9;0;4;6.3;-999;7.5;11;1002.2;12.5;76;14.4;10.6;8.5;eor;5.762;;;;;;
09.11.2022;10;8.9;3.8;9;0.4;4;1.8;-999;7.8;11.2;1001;12.6;76;15.6;10.4;8.3;eor;3.18;;;;;;
10.11.2022;10;11.3;5.1;9;0;0;2.9;-999;7.3;10.7;1011.8;11.2;81;12.9;8.9;7.2;eor;3.741;;;;;;
11.11.2022;10;11.2;5.3;9;0;0;0;-999;8;10.5;1019.5;10.4;83;12.3;8.2;5.5;eor;2.077;;;;;;
12.11.2022;10;6.3;2.5;9;0;0;1.3;-999;7.9;10.9;1023.6;10.5;85;13.7;8.4;6.6;eor;2.746;;;;;;
13.11.2022;10;9.9;3.8;9;0;4;0;-999;8;10.8;1020.4;9.8;89;11;7.3;7.2;eor;1.998;;;;;;
14.11.2022;10;9.1;5;9;0;0;3.1;-999;5.4;8.7;1011.5;6.2;92;8.8;4.2;1.3;eor;3.609;;;;;;
15.11.2022;10;9.6;3.9;9;0;0;0.9;-999;6.3;8.6;1004.2;4.9;99;7.6;2.4;-0.3;eor;2.397;;;;;;
16.11.2022;10;12.1;6.4;9;0;4;0.1;-999;7.9;7.6;1000.3;5.3;85;7.3;1.6;0.7;eor;1.94;;;;;;
17.11.2022;10;16.1;8.8;9;0;0;0;-999;8;5.4;997.3;1.8;78;2.5;-0.3;-0.4;eor;1.854;;;;;;
18.11.2022;10;13.9;4.8;9;0.1;4;7.3;-999;1.5;4.4;1001.2;-1.3;79;2.7;-5.2;-10;eor;5.466;;;;;;
19.11.2022;10;7.5;3.7;9;2.2;4;0;-999;7.1;5.7;1003.2;-0.5;95;2.6;-5.5;-9.5;eor;1.787;;;;;;
20.11.2022;10;6.1;2.9;9;0.9;4;0.3;-999;7.4;5.9;999.2;0.5;94;1.7;-1.1;-2.9;eor;1.904;;;;;;
21.11.2022;10;7.2;3.4;9;0;0;4.1;-999;6.5;5;995.6;-0.9;88;1.8;-3.1;-3.1;eor;3.73;;;;;;
22.11.2022;10;10.7;5.4;9;0;4;0;-999;7.9;5.3;994.3;-1.1;93;1;-2.9;-4;eor;1.696;;;;;;
23.11.2022;10;9.2;4.3;9;0;4;0;-999;8;6.8;996.3;2.1;95;3.5;1;0.8;eor;1.668;;;;;;
24.11.2022;10;7;2.2;9;0.3;4;0;-999;8;7.4;1002.6;3.1;96;4.9;1.1;1.3;eor;1.641;;;;;;
25.11.2022;10;6.3;2.5;9;6.7;4;0;-999;8;8.2;1008.8;4.2;99;5.3;3.3;2.4;eor;1.614;;;;;;
26.11.2022;10;5.2;1.8;9;0.7;4;0;-999;7.9;9.3;1018.1;6.2;98;7.6;4.4;4.3;eor;1.589;;;;;;
27.11.2022;10;8;2.8;9;0;4;3.3;-999;7.6;8.6;1017;6.3;90;8.2;3.8;2.5;eor;3.078;;;;;;
28.11.2022;10;11.4;6;9;0;0;0;-999;8;7;1009.6;3.6;88;4.6;2.5;2;eor;1.542;;;;;;
29.11.2022;10;8.6;5.1;9;0;0;0;-999;7.9;6.6;1012.2;2.7;89;3.5;2.1;1.5;eor;1.52;;;;;;
30.11.2022;10;6.8;3.9;9;0;4;0;-999;8;6.5;1018;2;91;3;0.2;0.2;eor;1.499;;;;;;
01.12.2022;10;6.1;3.1;9;0;0;0;-999;8;5.6;1021;0.3;89;0.9;-0.3;-0.2;eor;1.479;;;;;;
02.12.2022;10;9;3.9;9;0;0;0.6;-999;7.9;5.4;1019.6;0.8;84;3.2;-1.7;-2.4;eor;1.723;;;;;;
03.12.2022;10;7;3.6;9;0.1;4;0;-999;7.9;4.8;1017;-1.7;88;-1.1;-2.6;-3.8;eor;1.442;;;;;;
04.12.2022;10;6.8;4.1;9;0;0;0;-999;7.8;6;1013.9;0.2;97;1.3;-1.5;-1.7;eor;1.425;;;;;;
05.12.2022;10;7.5;3.2;9;4.5;4;0;-999;7.9;6.7;1010.6;1.5;99;2;1;1;eor;1.41;;;;;;
06.12.2022;10;6.1;2.9;9;1.7;4;0;-999;7.7;6.9;1005.6;1.9;97;3.3;0.3;0;eor;1.395;;;;;;
07.12.2022;10;10.9;4.6;9;0.3;4;0.3;-999;7.5;5.9;999.6;0.7;91;2.2;-3;-5;eor;1.508;;;;;;
08.12.2022;10;6.7;2.4;9;2.2;4;0;-999;7.6;5.5;997.3;-0.7;95;1.1;-2.4;-6.4;eor;1.368;;;;;;
09.12.2022;10;4;1.7;9;0;4;0;-999;7.9;5;999.9;-1.9;95;-1.2;-2.9;-4.9;eor;1.356;;;;;;
10.12.2022;10;6.2;1.8;9;0.1;4;0;-999;7.4;4;1002.5;-3;83;-1.6;-6.3;-9.5;eor;1.345;;;;;;
11.12.2022;10;7.8;3.2;9;1.6;4;0.2;-999;7.9;4.7;1001.6;-2.3;91;0.1;-5.4;-5.1;eor;1.418;;;;;;
12.12.2022;10;9.1;4.6;9;0;0;1.6;-999;7.4;4.5;1002.1;-2.7;88;-0.4;-6.3;-5.6;eor;1.985;;;;;;
13.12.2022;10;7;2.8;9;0;0;0;-999;4.8;4.1;1002.7;-3.3;85;-1.3;-5.9;-8.8;eor;1.319;;;;;;
14.12.2022;10;7.3;2.7;9;0;0;6;-999;1.4;3.2;997.2;-5.8;81;-2.7;-9.6;-11;eor;3.72;;;;;;
15.12.2022;10;8;2.9;9;0;4;3.7;-999;4;3.5;998.8;-6.2;89;-2.7;-9.8;-11.2;eor;2.771;;;;;;
16.12.2022;10;2.9;1.2;9;0;4;0;-999;7.4;4.2;1007.2;-4.1;93;-2.1;-9.1;-8.7;eor;1.302;;;;;;
17.12.2022;10;5.3;2.1;9;0;0;3.9;-999;4;3.7;1017.6;-5.9;93;-2.9;-9.8;-9.8;eor;2.837;;;;;;
18.12.2022;10;11.3;3.3;9;0;0;3.5;-999;5.8;3.3;1023.7;-6.8;91;-4.6;-9;-10.2;eor;2.671;;;;;;
19.12.2022;10;10.5;5;9;3.5;4;0;-999;8;5.1;1012.1;-0.7;85;4.8;-4.8;-5.8;eor;1.293;;;;;;
20.12.2022;10;9.6;4.4;9;6.6;4;0;-999;7.9;8.6;1004.8;6.3;89;7.9;4.4;2.7;eor;1.292;;;;;;
21.12.2022;10;9.3;3.5;9;0.9;4;0;-999;7.9;9.4;1000.6;6.3;98;6.8;5.8;4.8;eor;1.292;;;;;;
22.12.2022;10;7.4;3.6;9;0.3;4;0;-999;7.8;9.2;995.1;6.3;96;7.8;4.7;3.6;eor;1.294;;;;;;
23.12.2022;10;7.1;2.9;9;0;4;0;-999;7.9;8.3;995.3;4.8;97;6.2;1.9;0.4;eor;1.296;;;;;;
24.12.2022;10;5.8;2.5;9;0.9;4;0;-999;7.8;7.3;1001.6;2.8;97;5.9;1;0.3;eor;1.299;;;;;;
25.12.2022;10;8.2;3.5;9;4;4;0;-999;7.9;8.7;1006.6;5.1;99;7.6;3.6;3.3;eor;1.303;;;;;;
26.12.2022;10;16.5;5.6;9;0;4;0;-999;6.8;9.4;1000.6;7.3;90;9.2;3.1;1.2;eor;1.308;;;;;;
27.12.2022;10;14.8;6.2;9;0;4;1.5;-999;5;6.5;1009.9;3.1;85;5;1.9;-0.1;eor;1.927;;;;;;
28.12.2022;10;12.7;5.4;9;2.5;4;0;-999;7.9;8.1;1002.4;5.6;88;7.8;2.6;0.8;eor;1.321;;;;;;
29.12.2022;10;16.8;6.3;9;0.6;4;2;-999;7.2;9.2;994.3;8.8;82;10.8;6.9;5.7;eor;2.153;;;;;;
30.12.2022;10;15.2;5.9;9;1.3;4;4.3;-999;6.8;7.8;999.8;6.8;78;8.4;5.1;3.2;eor;3.076;;;;;;
31.12.2022;10;15.2;5.6;9;9.8;4;0;-999;7.7;12.4;996.8;11.7;90;15.6;8.1;7.3;eor;1.348;;;;;;
01.01.2023;10;17.7;7.4;9;0.8;4;0.1;-999;7.8;10;1003.7;13.5;65;15.8;9.5;8.1;eor;1.401;;;;;;
02.01.2023;10;15.4;5.7;9;0.2;4;0.1;-999;7.9;10.3;1005.5;10.7;80;14.8;6.8;5.4;eor;1.414;;;;;;
03.01.2023;10;10.9;4.4;9;0.1;4;6;-999;3.3;6.9;1016.7;4.2;84;7.1;1.6;-1.7;eor;3.924;;;;;;
04.01.2023;10;15.2;6.3;9;13;4;0;-999;7.6;9.2;1002.9;6.9;91;10;3.8;2.6;eor;1.399;;;;;;
05.01.2023;10;22.7;8.4;9;0.1;4;0;-999;7.7;7.5;1002.7;5.6;81;9.3;-0.5;-3.7;eor;1.414;;;;;;
06.01.2023;10;10.3;4.1;9;2.9;4;0;-999;7.7;7.9;1007.9;4.5;92;8.9;-0.3;-3.3;eor;1.43;;;;;;
07.01.2023;10;7.2;2.9;9;0.5;4;0;-999;7.7;9.3;1006;6.9;93;9.1;4.1;2;eor;1.447;;;;;;
08.01.2023;10;7.9;3.3;9;3.7;4;0;-999;7.5;9;995.8;6.9;90;8.1;5.9;4.5;eor;1.466;;;;;;
09.01.2023;10;7.4;3.1;9;2.3;4;0.5;-999;7.1;8.4;990.9;5.5;93;7.1;4.3;1.1;eor;1.707;;;;;;
10.01.2023;10;9.8;3.9;9;0;4;1.1;-999;7.5;8.2;1005;5.6;90;7.3;3.9;2.7;eor;1.997;;;;;;
11.01.2023;10;13.3;4.8;9;4.8;4;0;-999;7.3;8.5;1000.6;6;91;7.6;4.5;3.5;eor;1.527;;;;;;
12.01.2023;10;-999;6.8;9;4.2;4;0;-999;7.1;9.4;996;7.9;87;10.1;5.5;3.7;eor;1.549;;;;;;
13.01.2023;10;16.5;7.2;9;0.2;4;2.8;-999;6;8.7;994;8.2;80;9.4;6.6;5;eor;2.862;;;;;;
14.01.2023;10;17.2;6.6;9;7.3;4;0;-999;7.7;8.3;997.1;6.7;84;8.3;5.5;4.8;eor;1.597;;;;;;
15.01.2023;10;18.2;8.1;9;0;4;0.4;-999;7.3;7.3;986.8;6.4;76;9;4.6;3.2;eor;1.811;;;;;;
16.01.2023;10;11.4;5.1;9;0;4;3.6;-999;7;6.4;983.1;4.3;77;6.1;3;1.7;eor;3.361;;;;;;
17.01.2023;10;13.8;5.2;9;0.1;4;0.9;-999;4.9;5.8;975.6;2.7;79;4.3;-1.1;-2.7;eor;2.109;;;;;;
18.01.2023;10;5.7;2;9;0;4;0.1;-999;7.3;4.8;987.1;-1.1;86;1.3;-4.4;-5.8;eor;1.754;;;;;;
19.01.2023;10;8.9;3.7;9;0;0;5.2;-999;3.6;4.8;995;-0.3;80;2.2;-3.1;-5.5;eor;4.292;;;;;;
20.01.2023;10;7.5;2.8;9;0;0;0;-999;7.4;5.4;1008;-0.2;89;0.7;-1;-2.6;eor;1.766;;;;;;
21.01.2023;10;16.2;5.9;9;2.2;4;0;-999;7.6;5.7;1019.7;1.2;86;3.5;-2.2;-4.1;eor;1.798;;;;;;
22.01.2023;10;13.1;5.3;9;0.3;4;0;-999;7.8;6.6;1023.2;2.4;91;3.4;1.1;0.8;eor;1.831;;;;;;
23.01.2023;10;5;2.6;9;0;4;0;-999;7.9;5.7;1030.2;0.8;88;1.7;-0.5;-0.8;eor;1.865;;;;;;
24.01.2023;10;6.2;1.8;9;0;0;0;-999;8;4.7;1031.9;-0.7;81;-0.3;-1.2;-1.3;eor;1.901;;;;;;
25.01.2023;10;7.3;3.9;9;0;4;0;-999;8;4.9;1023.1;-1.2;87;-0.5;-1.8;-1.7;eor;1.937;;;;;;
26.01.2023;10;5.5;2.2;9;1.9;4;0;-999;7.9;5.4;1013.5;-1;96;0.6;-2.3;-2.1;eor;1.974;;;;;;
27.01.2023;10;11.6;5.5;9;0;4;1.3;-999;7.6;6;1017.4;2.5;82;4.4;0.6;-1;eor;2.718;;;;;;
28.01.2023;10;7.6;3.2;9;0;4;0.9;-999;7;4.9;1018.8;0.5;78;2.2;-1.4;-3.1;eor;2.546;;;;;;
29.01.2023;10;14.8;6.2;9;1.1;4;0;-999;7.9;6.6;1011.1;2.1;93;3.6;0.3;-0.1;eor;2.093;;;;;;
30.01.2023;10;18;9.5;9;1.8;4;1;-999;7;6.8;995.8;4;84;6.5;1.9;1.4;eor;2.698;;;;;;
31.01.2023;10;18.1;7.7;9;7.9;4;0;-999;6.7;6.7;1001.7;3.4;86;5.8;1.2;-0.2;eor;2.177;;;;;;
01.02.2023;10;18.4;7.9;9;5.7;4;0.2;-999;7.4;6.9;996.9;3.6;87;5.7;1.4;0.1;eor;2.336;;;;;;
02.02.2023;10;21.8;6.6;9;3.3;4;4.1;-999;6.6;5.8;1006.2;2.2;81;5;-1.1;-4.6;eor;4.669;;;;;;
03.02.2023;10;22.7;9.1;9;3.5;4;0.1;-999;7.4;7.3;1003.4;4.3;88;7.6;0.4;-0.1;eor;2.371;;;;;;
04.02.2023;10;9.7;3.9;9;0;0;5.7;-999;3.9;4.9;1026.7;-0.4;83;2.5;-4;-6.9;eor;5.788;;;;;;
05.02.2023;10;7.8;2.1;9;0.5;4;1;-999;7.5;4.1;1029.7;-1.7;78;0.9;-4.4;-7.2;eor;3.016;;;;;;
06.02.2023;10;6.5;2.5;9;0;0;1.8;-999;6;5.6;1031.3;-0.2;93;2.7;-4.6;-7;eor;3.567;;;;;;
07.02.2023;10;6.2;2.4;9;0;0;8.3;-999;1.5;4.4;1033.3;-1.5;81;2.7;-5.7;-8.7;eor;7.638;;;;;;
08.02.2023;10;8.1;2.5;9;0;0;8.3;-999;2.3;4.1;1032;-1.5;76;2;-5;-8.2;eor;7.757;;;;;;
09.02.2023;10;9.7;4.3;9;0;4;5.9;-999;6.2;3.9;1022.5;-0.9;69;2.2;-4.2;-5.6;eor;6.399;;;;;;
10.02.2023;10;13.2;5.9;9;0;4;1.1;-999;7.8;6.4;1021.9;3;84;5.9;0.3;-1.2;eor;3.377;;;;;;
11.02.2023;10;13.9;7.3;9;0;4;0;-999;7.8;8.5;1017.6;6.4;88;8.6;3.9;0;eor;2.715;;;;;;
12.02.2023;10;7.9;3.7;9;0.4;4;0.1;-999;7.8;8.8;1027;6.5;91;9;2.5;-0.6;eor;2.836;;;;;;
13.02.2023;10;9.1;4.2;9;0;0;0;-999;8;7.2;1028;5.6;79;6.8;2.8;-0.9;eor;2.826;;;;;;
14.02.2023;10;5.1;1.9;9;0;0;0;-999;6.9;6.4;1027.2;3.7;80;5.1;-0.2;-3.5;eor;2.882;;;;;;
15.02.2023;10;5.6;2.6;9;0;0;4.3;-999;6;6.5;1018.7;1.8;94;6.5;-1.5;-4;eor;5.926;;;;;;
16.02.2023;10;9.1;3.7;9;2.6;4;4.3;-999;7.5;7.5;1012.1;4.3;89;8.9;-0.3;-1.9;eor;6.023;;;;;;
17.02.2023;10;24.5;9;9;2.9;4;0;-999;7.5;9.5;1001.6;8;88;10.9;5.5;4.8;eor;3.058;;;;;;
18.02.2023;10;21.7;7.2;9;8.6;4;0.8;-999;7.3;7;1002.8;4.2;85;6.8;1.1;-0.4;eor;3.696;;;;;;
19.02.2023;10;12.2;5.2;9;0.4;4;7;-999;6.8;6;1008.7;2.9;79;6.7;0.8;-2.1;eor;8.293;;;;;;
20.02.2023;10;17.4;8.4;9;2.3;4;0;-999;7.8;8.7;1002.7;6.2;91;8.3;1.9;0.1;eor;3.242;;;;;;
21.02.2023;10;17.4;7.4;9;0;0;1;-999;7.5;7.7;1004.2;6.9;77;8.8;4.9;2.8;eor;4.054;;;;;;
22.02.2023;10;9.7;3.3;9;0;4;3.6;-999;7.4;7.3;1007.9;5;85;9.3;-1;-3.6;eor;6.097;;;;;;
23.02.2023;10;10.1;3.9;9;1.5;4;0;-999;8;7.3;1003.5;4.2;88;6.4;1.1;0;eor;3.434;;;;;;
24.02.2023;10;13.1;6.5;9;5.1;4;0;-999;7.6;6.4;991.4;2.6;87;3.9;1.4;1;eor;3.499;;;;;;
25.02.2023;10;14.2;7;9;0.3;4;0.4;-999;7.3;5.7;993.2;0.7;88;2.4;-0.6;-1.2;eor;3.88;;;;;;
26.02.2023;10;9.8;4.5;9;0;4;7;-999;3.2;4.4;1012.2;-0.2;73;3.4;-3.3;-7;eor;9.196;;;;;;
27.02.2023;10;5.3;1.6;9;0;0;5.7;-999;1.6;4.8;1020.8;-0.3;81;5.3;-4.9;-8.6;eor;8.283;;;;;;
28.02.2023;10;4.1;1;9;0;0;9.8;-999;0;4.3;1023.5;0.2;71;6.4;-5.7;-8.8;eor;11.658;;;;;;
01.03.2023;10;5.9;2.4;9;0;0;8.5;-999;4.5;5.5;1020.4;1.6;79;8.1;-3;-6.4;eor;10.83;;;;;;
02.03.2023;10;5.2;1.7;9;0;4;0;-999;8;5.5;1017;-1.4;99;-0.2;-2.4;-2;eor;3.908;;;;;;
03.03.2023;10;11.3;5.2;9;0;0;0;-999;7.9;6.1;1012.6;1.1;92;4.3;-1.3;-1.1;eor;3.978;;;;;;
04.03.2023;10;13.1;5.9;9;0.1;4;1.7;-999;6.6;5.8;1006.7;2.9;76;5.8;-1.3;-5.8;eor;5.495;;;;;;
05.03.2023;10;11.9;4.9;9;0.4;4;7.6;-999;5.3;4;1000.8;1;62;4.3;-2.3;-7;eor;10.655;;;;;;
06.03.2023;10;9.7;3.2;9;1.1;4;5.5;-999;7.3;5;994.1;0.3;80;3.8;-2;-3.8;eor;8.973;;;;;;
07.03.2023;10;18.4;6.7;9;0.6;4;2.7;-999;5.7;5.1;983.9;1.2;77;4.7;-1.4;-3;eor;6.637;;;;;;
08.03.2023;10;8.4;3.4;9;0;4;0;-999;5.9;4.5;988.6;-0.6;78;2.3;-3.5;-5.7;eor;4.339;;;;;;
09.03.2023;10;6.8;3.7;9;2.7;4;0;-999;7.7;4.9;989.8;-0.7;85;1;-3.4;-4.8;eor;4.412;;;;;;
10.03.2023;10;9.6;5.2;9;4.2;4;0;-999;7.7;5.5;982.7;0;90;0.9;-1;-0.8;eor;4.487;;;;;;
11.03.2023;10;12;6.7;9;0;4;7.4;-999;6.6;5;993.9;0.9;78;2.6;-0.9;-2.4;eor;11.332;;;;;;
12.03.2023;10;10.8;4.3;9;1.4;4;5.3;-999;6.1;5.1;1000.1;1.4;76;4.2;-2.1;-5.1;eor;9.534;;;;;;
13.03.2023;10;16.2;6.2;9;2.3;4;2.7;-999;7;9.9;987;9.7;82;15.1;3.8;2.5;eor;7.231;;;;;;
14.03.2023;10;18.3;6.7;9;2.7;4;2.2;-999;6.9;8.1;983.8;7.7;75;13.6;0.9;-0.8;eor;6.86;;;;;;
15.03.2023;10;14.4;5.3;9;1.1;4;6.8;-999;3.9;5.3;1004.1;2.3;75;7.2;-0.1;-1.9;eor;11.331;;;;;;
16.03.2023;10;9.7;3.4;9;0;0;9.7;-999;4;4.9;1012.2;3.7;64;8.9;-1.3;-4.1;eor;14.251;;;;;;
17.03.2023;10;11;4.9;9;0;4;1.2;-999;8;5.1;1004.7;7.9;48;12.9;3.6;2.1;eor;6.179;;;;;;
18.03.2023;10;10.2;3.3;9;0;4;4.9;-999;7.1;8.5;1003;11.3;62;17.3;5;1.7;eor;9.884;;;;;;
19.03.2023;10;8.9;2.7;9;3.3;4;5.5;-999;6.3;10.2;1006;11;79;17;3.6;1.2;eor;10.595;;;;;;
20.03.2023;10;9;4.1;9;0.4;4;0;-999;7;9.6;1007.4;7.8;90;9.4;6.6;3.1;eor;5.249;;;;;;
21.03.2023;10;6.8;2.9;9;1.5;4;0;-999;7.5;9.6;1005.7;8.2;88;10.3;6.4;5.6;eor;5.326;;;;;;
22.03.2023;10;13.2;4.7;9;3.8;4;0.6;-999;8;9.9;999;11.3;75;16;8.5;7.3;eor;6.011;;;;;;
23.03.2023;10;14.8;4.9;9;2.8;4;1;-999;7;10.3;995.3;10.6;81;13.9;8.9;6.4;eor;6.502;;;;;;
24.03.2023;10;17.9;5.8;9;0.1;4;4.5;-999;5.7;9.9;991.8;11.4;74;15.9;8.2;6.2;eor;10.188;;;;;;
25.03.2023;10;21;5.5;9;6.1;4;2;-999;6.5;8.8;991.7;8.4;80;11.8;6.4;5.3;eor;7.711;;;;;;
26.03.2023;10;11.8;5.7;9;0.4;4;4.4;-999;5.5;7;993.8;6;75;9.5;0.1;-3;eor;10.313;;;;;;
27.03.2023;10;17;5.3;9;2;4;9.2;-999;3.4;4.7;1002.7;1.5;70;6.9;-2.6;-5.5;eor;15.48;;;;;;
28.03.2023;10;12;4.5;9;0;0;8.7;-999;4.3;4.2;1012.3;1.9;62;6.2;-3.8;-5.8;eor;15.101;;;;;;
29.03.2023;10;8.9;3.3;9;0.1;4;1.7;-999;8;6.2;1006.9;6.1;65;9.8;1.1;-0.7;eor;7.767;;;;;;
30.03.2023;10;18.8;3.7;9;5;4;1.9;-999;7.7;10.1;996.6;10.3;80;15.5;7.1;6.1;eor;8.073;;;;;;
31.03.2023;10;9.1;2.7;9;4.8;4;0.8;-999;7.4;10.7;990;10.4;85;14.1;6.1;6.3;eor;6.973;;;;;;
01.04.2023;10;16.3;8.6;9;2.5;4;0;-999;7.8;7;995.9;3.9;86;6.1;2.4;1.9;eor;6.183;;;;;;
02.04.2023;10;14.5;7.6;9;0;0;2.6;-999;5.4;5.1;1015.3;2.9;69;5.9;-1.8;-5.8;eor;9.118;;;;;;
03.04.2023;10;10.1;5;9;0;4;1.9;-999;4.3;4.4;1024.3;0.6;70;5.6;-3.2;-6.4;eor;8.44;;;;;;
04.04.2023;10;-999;-999;9;0;4;9.2;-999;6.5;4.4;1019.8;1.6;66;7.2;-4;-7.4;eor;16.66;;;;;;
05.04.2023;10;6;2.6;9;0.4;4;0.4;-999;7.8;5.5;1014.5;2.2;77;5.1;0;-1.3;eor;6.94;;;;;;
06.04.2023;10;10.9;3.1;9;0;0;12;-999;1.4;5;1012.6;4.9;61;10.9;-1.1;-3.8;eor;19.988;;;;;;
07.04.2023;10;9.7;4.4;9;1.9;4;0.4;-999;7.8;6.7;1012.9;2.6;89;4.6;-2.1;-5.3;eor;7.099;;;;;;
08.04.2023;10;9.8;4.2;9;0;4;0;-999;8;8.2;1017.3;5;94;6.6;3.6;3.6;eor;6.721;;;;;;
09.04.2023;10;5.5;2;9;0;0;2.6;-999;6.5;7.6;1019;5.4;85;10.7;0.5;-1.7;eor;9.781;;;;;;
10.04.2023;10;11;3.4;9;1.9;4;10.3;-999;7.8;8;1013.1;8.7;73;16.2;-1.2;-1.7;eor;18.762;;;;;;
11.04.2023;10;14;5.2;9;1.8;4;1.8;-999;7.8;8.4;1000.3;8.8;75;11.5;4.6;2.3;eor;9.036;;;;;;
12.04.2023;10;11.5;4.1;9;3.2;4;8.1;-999;4;7.2;996.8;8.6;67;13.7;1.7;-1.5;eor;16.475;;;;;;
13.04.2023;10;8.3;2.8;9;0;0;4.1;-999;7.3;8.4;996.1;9.1;74;13.4;5.3;0.7;eor;11.906;;;;;;
14.04.2023;10;10.3;3.3;9;7.5;4;0;-999;7.8;9.1;1001;6.9;91;8.4;4.5;1.4;eor;7.169;;;;;;
15.04.2023;10;10.2;4.9;9;0;4;1.6;-999;7.8;9.8;1002.4;8.4;89;11.7;5.2;4.9;eor;9.138;;;;;;
16.04.2023;10;10.8;5.2;9;0;4;3.2;-999;7.8;8.9;1011.9;8.1;83;12.2;5.6;4.5;eor;11.126;;;;;;
17.04.2023;10;10.8;5.1;9;0;0;2.1;-999;7.5;7.7;1018.5;5.8;84;8.1;2.9;0.2;eor;9.899;;;;;;
18.04.2023;10;14;6;9;0;0;8;-999;6.4;7.5;1021.8;6.8;76;12.9;2.2;-0.6;eor;17.075;;;;;;
19.04.2023;10;19;8;9;3.4;4;8.7;-999;4.5;6.4;1017.5;6.2;69;10.9;2.4;0;eor;18.034;;;;;;
20.04.2023;10;9.2;4.5;9;0;4;5.9;-999;4.7;9.1;1013.9;8.6;81;14.5;4.8;2.7;eor;14.754;;;;;;
21.04.2023;10;11.1;4.9;9;0;0;13.2;-999;1.3;8.1;1011.4;10.3;67;18.3;4.3;1;eor;23.624;;;;;;
22.04.2023;10;12;4.3;9;0;4;12.8;-999;2.5;8.4;1004;13.4;57;20.7;3.3;0.2;eor;23.269;;;;;;
23.04.2023;10;8.4;3;9;4.7;4;3.3;-999;6.9;10.5;997.9;12.6;72;15.9;8;5.1;eor;11.857;;;;;;
24.04.2023;10;13.9;4.4;9;1.7;4;4.2;-999;7.4;10.5;994;11.2;79;17.1;7.1;5.5;eor;13.05;;;;;;
25.04.2023;10;14.1;6.6;9;0;4;1.1;-999;6.6;6.9;998.9;7.1;68;9.5;3;1.3;eor;9.301;;;;;;
26.04.2023;10;14;6;9;0.5;4;6.2;-999;4.5;6.3;1005.8;5.7;70;11.1;2;-1.5;eor;15.705;;;;;;
27.04.2023;10;10.5;3.8;9;0;0;8.2;-999;3.8;5.9;1010.9;6.1;65;11.3;0.2;-3.5;eor;18.29;;;;;;
28.04.2023;10;9.6;3.8;9;9.1;4;9.9;-999;6.3;6.8;1007.5;8.9;61;14.5;2;-1.9;eor;20.515;;;;;;
29.04.2023;10;11.1;5;9;0;0;5.1;-999;4.6;9.2;1005.9;9.6;77;15;3.5;0.2;eor;14.598;;;;;;
30.04.2023;10;10.4;3.6;9;0;0;13.8;-999;0.9;6.2;1014.3;6.9;64;11.8;0.8;-2.3;eor;25.505;;;;;;
01.05.2023;10;9.4;2.9;9;0;0;12.3;-999;7.8;6.8;1008.5;11.8;51;17.7;4.1;1.3;eor;23.853;;;;;;
02.05.2023;10;11.4;4.8;9;0;4;5.9;-999;4.2;7.4;1011.8;8.8;66;11.9;3.6;-0.3;eor;15.856;;;;;;
03.05.2023;10;7.9;3.2;9;0;0;11.5;-999;1.3;6.9;1019.3;7.9;66;13.6;2.8;-0.6;eor;23.05;;;;;;
04.05.2023;10;9.7;3.1;9;0;0;9.6;-999;-999;7.7;1016.6;9.1;68;15.6;2.3;-2;eor;20.73;;;;;;
05.05.2023;10;13.8;8.1;9;2.4;4;6.6;-999;8;8.6;1013.8;9.3;73;13.7;7.4;6.2;eor;16.991;;;;;;
06.05.2023;10;10.3;5.1;9;0.7;4;0;-999;7.8;8.8;1012.7;7.2;86;8.9;5;4.6;eor;8.62;;;;;;
07.05.2023;10;11.5;4.8;9;0;0;13.9;-999;1.7;8.3;1016.8;10.9;66;15.9;5.9;0.6;eor;26.517;;;;;;
08.05.2023;10;14.8;5.1;9;0;0;14.4;-999;0;7.2;1019.1;11.1;57;17.3;1.7;-1.2;eor;27.258;;;;;;
09.05.2023;10;16;6.3;9;0;0;14.2;-999;1.7;7.1;1011.4;13;49;18.4;6.7;4.1;eor;27.098;;;;;;
10.05.2023;10;13.2;5.5;9;0;0;14.2;-999;1.8;9.1;1004.3;15;54;21.3;7.6;5.5;eor;27.192;;;;;;
11.05.2023;10;13.5;4.6;9;0;0;9.5;-999;5.1;10.1;1008.1;16.1;56;21.6;8.4;6.2;eor;21.196;;;;;;
12.05.2023;10;10.8;4.1;9;0;0;14.1;-999;0.5;8.9;1012.7;14.5;56;21.6;7.8;4;eor;27.242;;;;;;
13.05.2023;10;13.9;4.2;9;0;0;12.6;-999;1.3;8.7;1014.5;14.9;54;22.2;6.6;3;eor;25.378;;;;;;
14.05.2023;10;12;3.1;9;0;4;7.2;-999;5.9;9.9;1010.3;14.7;62;22.1;6.6;2.8;eor;18.423;;;;;;
15.05.2023;10;11.4;2.9;9;1;4;7.4;-999;5;11.4;1001.1;14.3;71;21.1;8;3.6;eor;18.749;;;;;;
16.05.2023;10;12.7;6.1;9;0;4;4.2;-999;5.2;9;1005.1;10.5;72;15.7;7.4;5.5;eor;14.629;;;;;;
17.05.2023;10;14.6;6.2;9;0;0;10.2;-999;4.2;7.3;1013.8;9.2;64;13.5;5.2;1.2;eor;22.54;;;;;;
18.05.2023;10;7.6;2.8;9;0;0;8.9;-999;6.9;8;1020.2;9.2;71;16;2.2;-1.2;eor;20.901;;;;;;
19.05.2023;10;11;4.2;9;0;0;13.7;-999;6.8;8.3;1019.9;11.6;64;19.1;4.4;0.4;eor;27.266;;;;;;
20.05.2023;10;9.6;4.3;9;0;4;4.5;-999;7.3;10.7;1017.8;11.7;78;17.3;5.4;2.1;eor;15.234;;;;;;
21.05.2023;10;11.2;4.5;9;0;4;11.3;-999;7.2;14.2;1012.2;18.6;68;26.6;10.1;8.4;eor;24.239;;;;;;
22.05.2023;10;11.9;4;9;0;0;12.9;-999;6.6;11.5;1008.7;18.7;56;25;11.2;6.9;eor;26.407;;;;;;
23.05.2023;10;12.6;3.6;9;9.7;4;0.8;-999;7.9;12.1;1005.3;14.1;75;21.1;7.6;5.9;eor;10.492;;;;;;
24.05.2023;10;6.6;2.7;9;0;0;0.7;-999;7.6;10.6;1011.8;12.1;76;16.3;6.8;4.9;eor;10.398;;;;;;
25.05.2023;10;9.9;4.1;9;0;0;11.7;-999;2.6;11.1;1016.1;13.2;73;18.1;7.9;2.5;eor;24.991;;;;;;
26.05.2023;10;11.2;4.2;9;0;0;12.3;-999;2;9.3;1019;11.2;71;15.8;4.6;-0.1;eor;25.836;;;;;;
27.05.2023;10;7.4;2;9;0;0;15.1;-999;0.1;9;1018.4;13.1;63;19.8;5.8;-0.4;eor;29.598;;;;;;
28.05.2023;10;9.9;2.4;9;0;0;12.7;-999;1.8;10.2;1013.1;15;62;22.1;6.9;2.2;eor;26.464;;;;;;
29.05.2023;10;9.9;2.8;9;0;0;12.3;-999;6.2;9.4;1014.1;13.6;62;18.8;7.1;1.9;eor;25.978;;;;;;
30.05.2023;10;9.6;3;9;0;0;12.6;-999;2.3;8.9;1016.7;13.6;59;20.4;6.2;0.9;eor;26.419;;;;;;
31.05.2023;10;10.7;2.6;9;0;0;14;-999;5.9;9.6;1015.1;15.5;57;22.9;6;-0.2;eor;28.323;;;;;;
01.06.2023;10;11.3;5.2;9;0;0;8.1;-999;4.5;10.6;1008.9;13.4;70;19;9.6;6.7;eor;20.776;;;;;;
02.06.2023;10;12.5;4.7;9;0;0;12.9;-999;2.1;8.2;1013.2;12.6;58;17.3;5.6;-0.4;eor;27.468;;;;;;
03.06.2023;10;10.2;2.5;9;0;0;15.5;-999;0.8;6.9;1016;12.1;52;18.9;3.4;-1.7;eor;31.102;;;;;;
04.06.2023;10;8.7;1.9;9;0;0;15.4;-999;2.5;8.3;1014.4;15.1;51;22.1;5.9;0.3;eor;30.87;;;;;;
05.06.2023;10;9.3;2.3;9;0;0;14.2;-999;0.1;9.8;1013.7;17.2;53;24.5;8.5;2.8;eor;29.301;;;;;;
06.06.2023;10;8.9;2.5;9;0;0;13.6;-999;0.5;11.2;1011.9;18.4;56;26.5;8.3;4.4;eor;28.53;;;;;;
07.06.2023;10;11.7;2.4;9;0;0;15.1;-999;0.6;12.3;1011.4;18.9;59;26.9;10.5;5.7;eor;30.56;;;;;;
08.06.2023;10;7.8;2.4;9;0;4;15.4;-999;1;13.5;1009.5;19.9;61;27.1;11.2;7.4;eor;30.986;;;;;;
09.06.2023;10;11.1;4.6;9;0;0;13.5;-999;4.7;13.2;1009.8;16.9;71;24.4;11.1;6.2;eor;28.471;;;;;;
10.06.2023;10;12.5;5.6;9;0;0;14;-999;1.1;12.7;1011.6;18;64;26.3;10.1;8.7;eor;29.16;;;;;;
11.06.2023;10;11.1;4.9;9;0;0;14.7;-999;3;11.1;1013.4;17.6;58;25.7;8.7;6.2;eor;30.114;;;;;;
12.06.2023;10;14.4;4.3;9;0;0;15.6;-999;0;9.3;1012.8;18.3;48;26.2;10;5.3;eor;31.468;;;;;;
13.06.2023;10;13.3;5.1;9;0;0;14.6;-999;1;10.7;1009.8;16;63;23;8.4;4;eor;30.011;;;;;;
14.06.2023;10;11.8;4.7;9;0;4;13.9;-999;4.7;10.8;1011.6;17.1;60;23.7;9.4;5.5;eor;29.088;;;;;;
15.06.2023;10;8.6;2.6;9;3.6;4;4.2;-999;7;12.2;1009.8;16.6;67;24;10.1;5.7;eor;15.721;;;;;;
16.06.2023;10;9.3;3;9;11.2;4;0.3;-999;7.3;15.4;1006.6;15;91;19.3;10.8;8.7;eor;10.377;;;;;;
17.06.2023;10;8;2;9;1.7;4;3.9;-999;6.7;15.1;1005.6;16.4;82;21.7;10.9;8.3;eor;15.332;;;;;;
18.06.2023;10;6.5;1.5;9;0;0;6.6;-999;4.6;14.7;1006;18.7;71;24.5;13.1;11;eor;19.082;;;;;;
19.06.2023;10;6.5;2.4;9;0.2;4;1.5;-999;7;16.6;1005.5;19.5;73;24.8;12.3;9.9;eor;11.994;;;;;;
20.06.2023;10;6.1;1.8;9;2.1;4;6.7;-999;5.9;19.4;1005.7;20.5;80;26.2;14.1;11.2;eor;19.219;;;;;;
21.06.2023;10;11.5;4;9;1.8;4;7;-999;5.5;19.4;1006.6;21.3;78;27;16.3;10.8;eor;19.619;;;;;;
22.06.2023;10;8.8;2.4;9;9.3;4;11.7;-999;5.3;16.3;1010.5;21;68;27.2;13.9;9.8;eor;26.036;;;;;;
23.06.2023;10;10.1;4.4;9;0.2;4;0.8;-999;7.3;15.4;1009.4;18;75;21.9;14.4;11.7;eor;11.053;;;;;;
24.06.2023;10;9.5;3.7;9;0;0;13.2;-999;5.3;14.1;1014.2;19.1;66;24.7;13.1;11.6;eor;28.162;;;;;;
25.06.2023;10;5.8;1.9;9;0;0;8.3;-999;4.7;16.7;1011;21.7;65;26.7;18;15.5;eor;21.334;;;;;;
26.06.2023;10;20.2;3.7;9;3.9;4;4.9;-999;6.3;17.4;1005.1;21.1;71;29.5;13.9;12.4;eor;16.647;;;;;;
27.06.2023;10;17.3;6.1;9;4.3;4;11.1;-999;3.6;13.2;1005.5;16;73;21.9;12.8;11;eor;25.186;;;;;;
28.06.2023;10;12.3;5.6;9;0;0;13.5;-999;3.1;12.2;1006.9;17.7;62;22.6;13.2;9.2;eor;28.51;;;;;;
29.06.2023;10;8.2;2.7;9;3.1;4;6.4;-999;5.9;15.9;1005.9;19.7;69;24.1;12.9;9.2;eor;18.746;;;;;;
30.06.2023;10;9;2.8;9;4.6;4;2.7;-999;6.7;16.8;1002.2;17.5;84;20.4;14.8;11.5;eor;13.658;;;;;;
01.07.2023;10;12.7;4.3;9;4.9;4;2.5;-999;7.7;15.8;996.3;17.3;82;21.7;14.7;13.4;eor;13.242;;;;;;
02.07.2023;10;17.9;7.5;9;0;0;8;-999;5.9;12.5;996;17.4;64;21.8;13.3;11.2;eor;20.558;;;;;;
03.07.2023;10;16.9;5.9;9;0.2;4;4.2;-999;6.7;11.2;999.4;16.5;60;21.2;12.7;10.1;eor;15.471;;;;;;
04.07.2023;10;14.7;5.5;9;2.9;4;7.9;-999;5.2;11.7;1002.5;15.9;65;21.1;9.6;7;eor;20.378;;;;;;
05.07.2023;10;15;5.1;9;1.8;4;5.5;-999;4.5;12.1;1002;17.2;62;23.5;10.4;8.9;eor;17.157;;;;;;
06.07.2023;10;10.1;4.4;9;0;0;8.4;-999;3.3;11.6;1008.7;17.1;61;22.3;12.5;7.8;eor;20.99;;;;;;
07.07.2023;10;8.5;2.8;9;0;0;14.1;-999;1.8;12.3;1013.9;19.1;59;26;9.8;5.8;eor;28.539;;;;;;
08.07.2023;10;9.4;3.3;9;0;0;15.5;-999;0;13.7;1013.7;19.4;63;26.9;12.1;8.3;eor;30.362;;;;;;
09.07.2023;10;6.1;2.7;9;0;4;14.5;-999;3;13;1013.2;20.8;57;29.2;10.9;8.1;eor;28.994;;;;;;
10.07.2023;10;12.1;2.8;9;7.9;4;4.2;-999;6.3;16.8;1010;19.6;74;28.6;15.4;12.1;eor;15.288;;;;;;
11.07.2023;10;8.1;2.7;9;1.7;4;13.7;-999;5.3;14.9;1007.3;21.4;61;28.3;13.9;9.3;eor;27.848;;;;;;
12.07.2023;10;14;5.2;9;0;4;7.2;-999;5.5;15.4;1000.1;21.2;62;26.6;15.4;13;eor;19.194;;;;;;
13.07.2023;10;19.9;3.9;9;4.3;4;7.8;-999;4.5;14.1;1006;18.1;70;24.8;13.8;11.5;eor;19.949;;;;;;
14.07.2023;10;8.1;2.8;9;0;4;11.1;-999;4.4;14.1;1008.1;18.7;68;24.6;12.9;10.7;eor;24.269;;;;;;
15.07.2023;10;10.6;3.4;9;1.2;4;9;-999;6;15.8;1001.7;24.6;53;32.4;17;15.4;eor;21.448;;;;;;
16.07.2023;10;12.9;4.1;9;0;4;9.6;-999;4.6;15.5;1003.9;22.5;59;27.4;15.7;11.3;eor;22.192;;;;;;
17.07.2023;10;13.6;4.8;9;0.8;4;7.3;-999;5.8;13.1;1007.8;19.3;60;25.6;12.7;10.4;eor;19.112;;;;;;
18.07.2023;10;10.5;4;9;0.2;4;8.9;-999;5.5;12.5;1009.5;18.1;62;23.7;11.6;9.9;eor;21.169;;;;;;
19.07.2023;10;6.8;1.9;9;0.3;4;2.1;-999;7.9;14.1;1003.8;16.4;76;20;13.6;11.7;eor;12.179;;;;;;
20.07.2023;10;12.9;4.4;9;0.5;4;4.7;-999;5.8;12.6;1003.2;16.2;70;22.1;12;8.3;eor;15.549;;;;;;
21.07.2023;10;8.1;3;9;0.9;4;3.8;-999;6.6;12.7;1002.7;15.8;72;21;11.4;8.3;eor;14.321;;;;;;
22.07.2023;10;12.5;4.5;9;3.3;4;6.4;-999;6.6;12.6;1003.4;16.5;69;22.3;12.3;11.3;eor;17.675;;;;;;
23.07.2023;10;12.5;2.8;9;1.1;4;0.3;-999;7.9;15.3;999.9;17.8;76;22.5;13.8;13.3;eor;9.648;;;;;;
24.07.2023;10;10.7;3.9;9;6.2;4;3.1;-999;6.8;17.6;993.5;19.2;79;22.9;14.5;13.2;eor;13.257;;;;;;
25.07.2023;10;9.9;4.5;9;0.1;4;3.5;-999;6.9;13.1;995.1;16.5;71;21.4;11;8.1;eor;13.726;;;;;;
26.07.2023;10;14.4;4.4;9;0.3;4;9.5;-999;5.8;11.9;1000.7;14.9;71;19.4;9.8;8;eor;21.475;;;;;;
27.07.2023;10;9.3;3.4;9;1.9;4;4.8;-999;6.5;13.7;999.1;16.1;76;20.3;12.2;10.4;eor;15.305;;;;;;
28.07.2023;10;7;2.3;9;0.4;4;2.7;-999;7;16.7;996.4;18.3;81;24.3;14.8;12.1;eor;12.524;;;;;;
29.07.2023;10;8.4;2.9;9;10.1;4;3.5;-999;7.1;18.6;998.3;19.1;84;23.8;14.6;14.1;eor;13.502;;;;;;
30.07.2023;10;14.1;4.6;9;0;4;7.2;-999;5.4;15.1;1000.1;18.7;72;24.3;13.9;11.4;eor;18.217;;;;;;
31.07.2023;10;13.3;5;9;5;4;0.9;-999;7.4;16;997.3;17;82;20.3;13.7;12;eor;10.034;;;;;;
01.08.2023;10;13;4.7;9;3.7;4;2.9;-999;6.1;16.8;988.7;17;87;20.7;15.2;13.9;eor;12.549;;;;;;
02.08.2023;10;10.1;4.3;9;8.5;4;1.7;-999;7.3;15.8;988.4;17.4;80;22.7;14.8;13.6;eor;10.948;;;;;;
03.08.2023;10;16.8;5.7;9;5.8;4;4.2;-999;6.4;17.2;987.8;17.9;84;21.6;16.1;14.9;eor;14.086;;;;;;
04.08.2023;10;9.8;4.1;9;0.1;4;3.7;-999;5.5;15.8;1001.3;18.2;77;22.9;14;10.1;eor;13.38;;;;;;
05.08.2023;10;6.1;2.3;9;0;0;3.3;-999;7;13.3;1005.1;16.4;73;21;12.5;8.8;eor;12.803;;;;;;
06.08.2023;10;11.4;3.7;9;14.7;4;0;-999;7.6;14.7;996.3;14.2;90;17;12.6;11.8;eor;8.546;;;;;;
07.08.2023;10;20.4;9.1;9;2.4;4;2.4;-999;7.3;12.6;994.2;15.1;74;19.6;12.5;11.7;eor;11.525;;;;;;
08.08.2023;10;16.8;7.7;9;2.1;4;3;-999;6.6;11.9;998.1;14.5;72;20.2;11.6;10;eor;12.215;;;;;;
09.08.2023;10;15.2;4.7;9;3.4;4;3.7;-999;7.2;12.1;1004.5;13.8;77;19.8;10.4;8.9;eor;13.025;;;;;;
10.08.2023;10;11.7;3.6;9;0;0;1.7;-999;6.4;11.8;1011.6;14.7;72;19.5;10.3;6.2;eor;10.441;;;;;;
11.08.2023;10;7.9;2.3;9;0;0;9.7;-999;4.9;13.4;1012.9;18.1;66;24;10.2;6.2;eor;20.379;;;;;;
12.08.2023;10;9.7;3.2;9;1.9;4;2.6;-999;7.2;18;1008.2;21;73;25.9;14.8;12.9;eor;11.426;;;;;;
13.08.2023;10;9;3.1;9;0;0;9.4;-999;6.4;16.8;1009;20;73;25;14.7;12.4;eor;19.801;;;;;;
14.08.2023;10;8.3;2.5;9;0;4;11.9;-999;5;17.1;1007.8;22.7;63;28.9;16.1;13.4;eor;22.793;;;;;;
15.08.2023;10;9.6;3.6;9;11.7;4;11;-999;5.1;21.3;1007.5;24.5;70;30;19;18.4;eor;21.566;;;;;;
16.08.2023;10;7.7;2.5;9;0;4;9.6;-999;5.2;18.6;1012.7;20.4;79;25.5;17.2;16.3;eor;19.73;;;;;;
17.08.2023;10;10.4;4.8;9;1.7;4;3.2;-999;7.5;16.9;1013;18.9;78;23.3;14.9;13.8;eor;11.78;;;;;;
18.08.2023;10;8.8;4.6;9;0;0;9.4;-999;4.8;20.6;1011;20.7;85;26.7;16.4;15.7;eor;19.263;;;;;;
19.08.2023;10;7.9;-999;9;0;0;11.5;-999;6.2;21.7;1010;23.6;77;30.7;17.4;17;eor;21.702;;;;;;
20.08.2023;10;9.1;2.8;9;0;0;7.7;-999;4.1;19.6;1012.9;21.2;79;26;15.4;13.2;eor;16.977;;;;;;
21.08.2023;10;11;3.1;9;0;0;10.6;-999;2.8;16;1014.1;20;70;25.1;13.3;8.8;eor;20.364;;;;;;
22.08.2023;10;6;1.5;9;0;0;6.7;-999;5.5;14.6;1011.6;19.3;68;25.8;11.7;8.5;eor;15.559;;;;;;
23.08.2023;10;-999;-999;9;0;4;9.5;-999;3.1;15.3;1010.3;19.9;68;25.3;13.4;9.9;eor;18.798;;;;;;
24.08.2023;10;6.7;2.3;9;0.8;4;6.7;-999;6.9;17;1007.6;20.7;71;26.3;16.6;16;eor;15.346;;;;;;
25.08.2023;10;8.8;2.8;9;1;4;5.3;-999;6.2;20.4;1000.2;21.6;80;27;17.8;15.9;eor;13.58;;;;;;
26.08.2023;10;12;3.7;9;2.9;4;5.9;-999;5.2;17.9;1000.9;19.5;79;24.3;12.4;9.3;eor;14.185;;;;;;
27.08.2023;10;6.4;2;9;0;4;1.2;-999;7.2;13.9;1001.5;17;73;20.6;10.6;8.6;eor;8.569;;;;;;
28.08.2023;10;9.2;3.5;9;0;0;3.9;-999;5.8;13.2;1002;15.2;77;20;11.8;9.2;eor;11.638;;;;;;
29.08.2023;10;7.3;2.4;9;0.5;4;0;-999;8;14.6;1001.3;14.8;87;18.1;11.2;8;eor;7.016;;;;;;
30.08.2023;10;4.2;1.9;9;1.9;4;0.2;-999;7.8;14;998.6;15.5;80;19.4;11.2;8.9;eor;7.173;;;;;;
31.08.2023;10;14.2;4.3;9;0;4;4.5;-999;6.1;12.9;999.1;14.3;79;18.7;11.4;9.8;eor;12.033;;;;;;
01.09.2023;10;10.7;4.6;9;0;0;6.9;-999;4.6;13.1;1004.5;15.1;77;20.2;11.3;7.8;eor;14.669;;;;;;
02.09.2023;10;8.6;2.9;9;0;0;10.5;-999;1.9;12.7;1011.5;16.4;70;23;10.7;7.2;eor;18.635;;;;;;
03.09.2023;10;11.1;3.9;9;0;0;3.1;-999;8;13.4;1017.3;16.2;73;20.5;11.9;9.1;eor;10.142;;;;;;
04.09.2023;10;11.2;2.7;9;0;0;11;-999;1.4;14.2;1019.3;18.9;68;25.6;12.5;10.2;eor;18.905;;;;;;
05.09.2023;10;9.2;2.8;9;0;0;10.5;-999;5.2;15.7;1015.4;21.4;63;28.2;12.9;10;eor;18.196;;;;;;
06.09.2023;10;8.1;2.3;9;0;0;12.3;-999;1;16.7;1015.3;21.1;70;29.4;13.5;10.5;eor;20.041;;;;;;
07.09.2023;10;8.6;3.3;9;0;0;10.3;-999;5;17.2;1016.8;20.3;76;28.6;13.9;11.5;eor;17.677;;;;;;
08.09.2023;10;8.4;2.9;9;0;0;12.2;-999;1.6;15.3;1013.3;21.5;63;29;13.8;10.8;eor;19.604;;;;;;
09.09.2023;10;8.7;2.9;9;0;0;12;-999;4.6;14.6;1009.9;22.9;55;30.4;13.4;10.1;eor;19.221;;;;;;
10.09.2023;10;8.5;2.2;9;0;0;11.8;-999;2;16.5;1008.9;21.4;68;29.8;13.6;9.6;eor;18.84;;;;;;
11.09.2023;10;7.1;1.5;9;0;0;8.4;-999;5.5;17.6;1005.8;20.8;75;29;15.4;14;eor;15.033;;;;;;
12.09.2023;10;12.7;2.5;9;14.1;4;7.2;-999;5.8;17.5;1004.4;20.8;72;27;15.8;12.9;eor;13.615;;;;;;
13.09.2023;10;13;3.9;9;21.6;4;0.2;-999;7;17.9;1005.3;16.8;93;21.3;11.2;9.5;eor;6.091;;;;;;
14.09.2023;10;6.4;2.5;9;0;0;10.8;-999;2.9;11.5;1013.9;13.8;74;19;8.9;5.7;eor;17.124;;;;;;
15.09.2023;10;8.2;2.6;9;0;0;10.4;-999;1.8;13;1014.3;15.6;75;22.3;8.6;5.6;eor;16.545;;;;;;
16.09.2023;10;8.2;3.1;9;0;0;10.3;-999;1.6;13.6;1009.7;17.5;68;23.2;11.8;10.2;eor;16.282;;;;;;
17.09.2023;10;6.8;2.6;9;0;0;9.9;-999;6.6;16.8;1007.7;18.5;80;24.7;12.2;9.4;eor;15.712;;;;;;
18.09.2023;10;10.5;4.1;9;0;4;5.5;-999;7;17.5;999.8;21.1;71;26.8;16.1;14.5;eor;11.083;;;;;;
19.09.2023;10;15.4;6.5;9;0;0;5;-999;6.5;13.1;999.1;17.8;64;19.8;16;14.8;eor;10.457;;;;;;
20.09.2023;10;12.5;5.1;9;0;0;8.7;-999;7.2;14.1;1000.3;19.2;63;23.2;16.2;14.5;eor;14.038;;;;;;
21.09.2023;10;8.7;3.2;9;0.1;4;8.5;-999;4.7;15.2;994.7;20.7;64;27.3;15.1;13.7;eor;13.69;;;;;;
22.09.2023;10;11.1;3.7;9;0;4;0.3;-999;7.9;14.8;994.1;16.9;76;19.7;13.6;11.2;eor;5.481;;;;;;
23.09.2023;10;-999;4.1;9;0;0;4.4;-999;4.7;12.5;1003.8;14;78;17.9;11.4;8.1;eor;9.398;;;;;;
24.09.2023;10;7;2.8;9;0;4;8.5;-999;2.1;11.5;1017.5;13.3;76;19;10.1;5.7;eor;13.244;;;;;;
25.09.2023;10;9.3;2.7;9;0;4;9.7;-999;4.5;11.9;1018.5;14.9;71;21.1;7.9;4.3;eor;14.244;;;;;;
26.09.2023;10;7.1;1.8;9;0;0;8.5;-999;5.6;14.6;1015;16.6;79;23.9;9.2;6.1;eor;12.945;;;;;;
27.09.2023;10;6.7;1.8;9;0;0;9.1;-999;5.8;16.2;1012.3;18.2;79;25.5;10.7;8.6;eor;13.359;;;;;;
28.09.2023;10;6.8;2.3;9;0;0;9.1;-999;5.4;16;1008.9;18.7;75;24.4;13.4;10.5;eor;13.204;;;;;;
29.09.2023;10;13.3;3.1;9;2.1;4;0.7;-999;7.7;16.7;1007.8;17.9;81;21.1;13.7;11.4;eor;5.302;;;;;;
30.09.2023;10;10.6;4.4;9;0;0;7;-999;4.4;12.8;1014.4;14.2;79;18.6;10.7;8.1;eor;10.976;;;;;;
01.10.2023;10;8.9;3.5;9;0.5;4;1.2;-999;7.9;13.6;1014;14.9;80;18.6;12.1;11;eor;5.594;;;;;;
02.10.2023;10;9.1;3.2;9;0;0;3.4;-999;7.6;16.5;1010.7;19.1;75;24;15.4;14.9;eor;7.479;;;;;;
03.10.2023;10;18.3;6.2;9;0;4;1.5;-999;6.7;14.5;1002.2;17.2;74;22.7;12.3;10.7;eor;5.691;;;;;;
04.10.2023;10;14.1;7.2;9;0;0;4.7;-999;6.8;11.7;1011.7;14.4;72;17.6;12.7;11.2;eor;8.413;;;;;;
05.10.2023;10;15.4;5.7;9;2.8;4;4.5;-999;6.7;11.9;1011;13.2;79;17.4;10.3;6.2;eor;8.124;;;;;;
06.10.2023;10;16.3;6.4;9;3.6;4;0;-999;7.7;13.5;1009.9;14.2;84;17;10.4;8.3;eor;4.145;;;;;;
07.10.2023;10;19.1;-999;9;2.9;4;0;-999;7.6;13.5;1005.4;13.4;87;17.7;10.1;9.4;eor;4.074;;;;;;
08.10.2023;10;-999;-999;9;3.1;4;6.4;-999;5.5;8;1015.5;9.2;69;14.1;5.2;0.6;eor;9.386;;;;;;
09.10.2023;10;5;2.1;9;0.7;4;1;-999;7.7;10.2;1010.3;9.4;86;11.5;6.8;6;eor;4.765;;;;;;
10.10.2023;10;7.4;2.6;9;0.1;4;0.4;-999;7.9;13.1;1008.7;12.7;90;16;9.6;9.6;eor;4.193;;;;;;
11.10.2023;10;14.2;6.5;9;6.5;4;2.6;-999;7.8;14.8;1000.4;17.3;75;20.4;13.4;12.8;eor;5.911;;;;;;
12.10.2023;10;11.6;4.6;9;0;4;5.1;-999;6.3;11.5;1003.4;12.3;80;15.2;6.9;5.7;eor;7.83;;;;;;
13.10.2023;10;18.3;5.4;9;8.9;4;0.4;-999;7.8;15.3;997.9;16.1;83;21.2;9.1;8.8;eor;3.978;;;;;;
14.10.2023;10;20.1;7.6;9;0.8;4;3.7;-999;5.4;11;995.4;12;77;17.8;7.3;5.6;eor;6.502;;;;;;
15.10.2023;10;14.7;7.5;9;0;4;7.1;-999;3.4;7.9;1003.9;7.7;75;10.8;5.1;3.5;eor;9.045;;;;;;
16.10.2023;10;9.9;4;9;1;4;1.5;-999;6.5;8.1;1010.6;6.2;85;9.7;3.3;-0.8;eor;4.614;;;;;;
17.10.2023;10;5.8;2.6;9;0;0;1.8;-999;5.5;8.3;1012.3;7.2;82;12.1;2.4;0.4;eor;4.764;;;;;;
18.10.2023;10;7.8;3.2;9;0;0;1.3;-999;7.3;7.9;1006.5;6.7;80;12.1;3.3;0;eor;4.309;;;;;;
19.10.2023;10;13.2;7.1;9;4.8;4;0;-999;7.8;8.2;993.6;7.1;81;9.2;5;4;eor;3.271;;;;;;
20.10.2023;10;19.1;9.4;9;14.4;4;0;-999;7.3;8;986.3;5.1;90;6.2;4.3;4.1;eor;3.209;;;;;;
21.10.2023;10;9.3;3.5;9;0;4;0.1;-999;7.2;11;989.7;9;95;12.9;5.1;4.9;eor;3.22;;;;;;
22.10.2023;10;8.1;2.9;9;0;4;0.3;-999;7.6;11.6;999.1;11.9;83;15.3;9.5;6;eor;3.302;;;;;;
23.10.2023;10;6.7;2.6;9;0;0;8.1;-999;4.9;10;1005.4;9.5;84;13.9;4.6;2.4;eor;8.741;;;;;;
24.10.2023;10;9.4;3.7;9;17.9;4;0;-999;7.8;11.7;998.5;10.1;94;12.6;6.3;5.3;eor;2.969;;;;;;
25.10.2023;10;5.5;2.1;9;0;4;0.6;-999;7.8;11.2;992.8;9.7;93;12.5;6;4;eor;3.324;;;;;;
26.10.2023;10;8.2;3.9;9;0;4;1;-999;7.9;10.6;987.6;9.3;91;11.6;7.9;7.2;eor;3.534;;;;;;
27.10.2023;10;8.2;3.5;9;0.1;4;2.6;-999;7.6;9.6;987.5;7.9;90;10.4;6.2;5.7;eor;4.542;;;;;;
28.10.2023;10;6.6;3.7;9;1.1;4;0;-999;7.9;9.4;992.4;7.3;92;8.8;6.1;5.7;eor;2.744;;;;;;
29.10.2023;10;14.4;4.8;9;1.7;4;1.4;-999;7.8;11.7;989.9;11.7;85;14.7;8.7;8.5;eor;3.605;;;;;;
30.10.2023;10;14;4.4;9;2.7;4;4.4;-999;6.7;10.9;992.7;12.2;77;15.2;9.7;8.5;eor;5.475;;;;;;
31.10.2023;10;21.1;5.2;9;0.5;4;0;-999;7.5;10.7;988.4;9.3;90;12;3.2;1.6;eor;2.584;;;;;;
01.11.2023;10;8.4;3.2;9;0;4;0.4;-999;6.6;8.9;996.2;7.5;84;12.2;2;-0.6;eor;2.785;;;;;;
02.11.2023;10;10.1;4.2;9;0.6;4;1.7;-999;7;10.4;983.3;11;79;13.4;8.6;6.2;eor;3.538;;;;;;
03.11.2023;10;7.3;2.8;9;0;4;1.3;-999;8;9.8;977.8;9.7;82;10.9;8.6;7.1;eor;3.23;;;;;;
04.11.2023;10;9.8;4.2;9;0.8;4;4.8;-999;6.8;8.1;978.4;8.4;73;10.8;6.3;4.8;eor;5.228;;;;;;
05.11.2023;10;9.4;3.8;9;1.2;4;0.8;-999;7.7;10.4;971.7;9.4;88;10.6;7.3;6.4;eor;2.816;;;;;;
06.11.2023;10;15.2;6.9;9;0;4;1.8;-999;6.9;9.9;988.6;10.2;79;12.4;9;7.1;eor;3.353;;;;;;
07.11.2023;10;13.6;5.3;9;2.5;4;2.4;-999;6.8;9.5;999;9.5;80;12.1;7.5;6;eor;3.643;;;;;;
08.11.2023;10;12.6;5.4;9;0.7;4;0.5;-999;6.2;8.9;1000.9;8.2;82;10;6.6;5.2;eor;2.49;;;;;;
09.11.2023;10;11.1;4.5;9;3.1;4;0;-999;7.8;9.2;994.7;8.1;85;9.9;6.5;5.5;eor;2.16;;;;;;
10.11.2023;10;9.6;3.4;9;0;4;1.3;-999;7;8.6;990.7;7.8;82;10.3;5.9;3.5;eor;2.845;;;;;;
11.11.2023;10;5.8;1.7;9;0;4;0.6;-999;7.5;8.2;992.9;6.5;85;8.6;4.6;3.1;eor;2.409;;;;;;
12.11.2023;10;6.2;2.2;9;4.4;4;2.1;-999;7.7;8.5;997.5;6.3;89;8.3;5.3;3.8;eor;3.183;;;;;;
13.11.2023;10;10;3.7;9;5.1;4;4.3;-999;7.1;8.3;995.9;6.7;84;9.8;5.4;4.8;eor;4.26;;;;;;
14.11.2023;10;17.1;7;9;6;4;0;-999;7.1;10.4;987.2;9.8;86;11.6;8.1;6.9;eor;1.961;;;;;;
15.11.2023;10;10.4;3.1;9;0.8;4;0;-999;7.9;9.1;999.5;7.4;89;9;5.9;5.3;eor;1.924;;;;;;
16.11.2023;10;13;5.8;9;1.4;4;0;-999;7.5;8;1000.1;5.9;86;8.1;4.1;3.5;eor;1.888;;;;;;
17.11.2023;10;10.3;5;9;1.4;4;0.7;-999;6.5;7.6;1004.9;4.3;91;6.5;1.7;-1.2;eor;2.212;;;;;;
18.11.2023;10;8.1;2.5;9;2.6;4;2.9;-999;6.6;6.7;1014;3.6;85;6.9;0.7;-2;eor;3.289;;;;;;
19.11.2023;10;10.4;4.5;9;10.6;4;0;-999;7.7;9.1;997.6;6.6;91;10.7;3.2;2.6;eor;1.787;;;;;;
20.11.2023;10;6.8;2.4;9;0;4;0;-999;8;10.3;997.7;8.1;94;10.2;5.3;4.8;eor;1.756;;;;;;
21.11.2023;10;12.7;4.8;9;0;4;0.8;-999;7.3;6;1009.3;3.5;76;5.6;-1.1;-2.8;eor;2.117;;;;;;
22.11.2023;10;12.8;3.6;9;0;4;4.2;-999;5.1;4.5;1018.2;0.4;72;3;-3.5;-6.4;eor;3.678;;;;;;
23.11.2023;10;22.3;10;9;5.2;4;0;-999;7.3;9.1;996.7;7.5;86;10.9;1.6;0.8;eor;1.668;;;;;;
24.11.2023;10;15.6;7.4;9;0.7;4;2;-999;5.2;6.2;987.8;3;82;4.9;-0.4;-2.3;eor;2.586;;;;;;
25.11.2023;10;11.5;4.2;9;1;4;1.8;-999;6.7;5.2;995.1;0.8;80;3.1;-2.2;-4.1;eor;2.457;;;;;;
26.11.2023;10;6.4;3.3;9;0;4;1.9;-999;6.5;4.5;1002.5;-1.1;79;1;-4.8;-7.7;eor;2.469;;;;;;
27.11.2023;10;5.8;2.6;9;0;0;2.3;-999;7.5;5;997.9;-0.9;88;1.2;-3.4;-4.5;eor;2.62;;;;;;
28.11.2023;10;8.7;3.4;9;0.5;4;0.1;-999;7.2;4.1;994.2;-3.3;84;-0.5;-6.6;-9.6;eor;1.587;;;;;;
29.11.2023;10;9.1;3.1;9;1.6;4;0;-999;7.3;4.8;991.4;-1.6;88;-0.1;-3.9;-4.2;eor;1.52;;;;;;
30.11.2023;10;8.3;3.5;9;0;4;4.9;-999;3.3;3.8;994.5;-4.2;85;-0.2;-8.7;-9.4;eor;3.638;;;;;;
01.12.2023;10;5.6;3;9;0.1;4;0;-999;5.9;3.6;998.2;-6.2;92;-4;-10.9;-9.5;eor;1.479;;;;;;
02.12.2023;10;7.2;3.1;9;0.2;4;0;-999;7.6;4.5;1002.2;-3.3;93;-0.9;-6.7;-6.6;eor;1.46;;;;;;
03.12.2023;10;7.1;3.6;9;0.1;4;1;-999;7.3;4.4;1010.8;-3.2;92;-2;-6.7;-5.2;eor;1.877;;;;;;
04.12.2023;10;8.3;4;9;0;4;0.2;-999;7.3;4;1008.5;-3.8;86;-2.3;-8;-8.3;eor;1.512;;;;;;
05.12.2023;10;11.7;6.6;9;1.1;4;0;-999;7.1;3.9;1002.6;-3.2;82;-2.1;-5;-6;eor;1.41;;;;;;
06.12.2023;10;7.9;4.4;9;1.5;4;0;-999;7.3;4.7;1004.5;-2.2;91;-1.3;-3.1;-0.9;eor;1.395;;;;;;
07.12.2023;10;5.3;1.9;9;0;0;0;-999;8;5.9;1010.5;0.2;96;0.6;-1.3;-0.3;eor;1.381;;;;;;
08.12.2023;10;11.9;4.4;9;0.1;4;0;-999;7.8;5.6;1006;0;91;0.6;-1.1;0;eor;1.368;;;;;;
09.12.2023;10;8.8;3.1;9;1.6;4;0;-999;8;6.5;1000.2;1.4;96;2.5;0.3;0;eor;1.356;;;;;;
10.12.2023;10;10.1;4.1;9;7.8;4;0;-999;7.6;7.9;992.1;4.3;94;7.2;1.4;0;eor;1.345;;;;;;
11.12.2023;10;8.2;2.7;9;6.8;4;0;-999;7.7;8.9;988.4;6;95;7.9;4.4;4;eor;1.336;;;;;;
12.12.2023;10;7.2;2.9;9;0.7;4;0;-999;7.9;7.6;997.7;3.7;95;4.8;3.3;3;eor;1.327;;;;;;
13.12.2023;10;10.3;6.2;9;6.4;4;0;-999;7.7;7.2;994.3;3.1;94;3.9;1.5;1.2;eor;1.319;;;;;;
14.12.2023;10;9.7;3.5;9;0;4;0;-999;7.7;6.5;1007.7;2.4;89;3.6;0.6;-1.6;eor;1.312;;;;;;
15.12.2023;10;8.1;3.9;9;0;4;0.1;-999;7.4;7.3;1020.7;3.3;93;6.2;0.5;-1.1;eor;1.347;;;;;;
16.12.2023;10;14.5;6.4;9;0.1;4;1.7;-999;7;8.7;1023.6;6.8;88;8.3;4.7;3.1;eor;1.992;;;;;;
17.12.2023;10;13;7.2;9;0;0;0.2;-999;8;9.3;1020.5;8.6;83;10;6.9;5.1;eor;1.379;;;;;;
18.12.2023;10;14.2;7.3;9;0.7;4;0;-999;7.9;8.9;1015.8;7.2;87;8;6.4;5.9;eor;1.295;;;;;;
19.12.2023;10;11.1;5.5;9;6.5;4;0;-999;7.5;9.2;1005.1;6.8;93;7.6;4.8;3.5;eor;1.293;;;;;;
20.12.2023;10;17.6;6.5;9;3.8;4;0.2;-999;7;7.5;995.6;4.8;87;5.9;3.4;1.8;eor;1.373;;;;;;
21.12.2023;10;26.2;8.5;9;8.6;4;0;-999;7.2;7.9;976.3;6;85;8.6;3.1;2.6;eor;1.292;;;;;;
22.12.2023;10;28.9;12.8;9;0;0;1.2;-999;5.2;5.1;977.4;3.3;66;5.4;0.8;-0.9;eor;1.779;;;;;;
23.12.2023;10;15.5;7;9;4.3;4;0;-999;6.5;5.6;989;1.7;81;2.9;0.6;-1;eor;1.296;;;;;;
24.12.2023;10;18.8;6.2;9;5;4;0;-999;7.5;8.9;987.4;6.1;92;11.8;0.4;0;eor;1.299;;;;;;
25.12.2023;10;20.5;8.8;9;3.8;4;4.9;-999;6.2;7.6;990.3;7.9;71;10.6;5.3;3.4;eor;3.294;;;;;;
26.12.2023;10;17.5;7.8;9;1.3;4;0.4;-999;6.1;8.5;995.9;6.8;85;8.8;3.3;1.7;eor;1.471;;;;;;
27.12.2023;10;12.8;4.3;9;0.4;4;4.6;-999;4.5;6.6;1009.2;3.3;85;4.9;1.6;-0.8;eor;3.194;;;;;;
28.12.2023;10;16.3;7.4;9;0;4;2.1;-999;7.3;8.1;999.5;8.5;73;10.5;4.6;3.7;eor;2.182;;;;;;
29.12.2023;10;15.8;7.1;9;7.1;4;0.4;-999;7.4;8.4;994.9;7.9;79;9.5;5.5;4.7;eor;1.494;;;;;;
30.12.2023;10;15.5;5.2;9;1;4;0;-999;7.5;7.6;999.6;5.3;85;6.4;3.5;1.4;eor;1.338;;;;;;
31.12.2023;10;9;3.7;9;0.3;4;0;-999;7.8;7.7;997.8;5.3;87;6.8;2.8;1.2;eor;1.348;;;;;;
01.01.2024;10;8.5;3.6;9;0.3;4;0.3;-999;7.8;7.8;995.2;6;83;6.7;4.9;3.2;eor;1.485;;;;;;
02.01.2024;10;10.6;4.9;9;11.8;4;0;-999;7.8;7.4;990.3;4.3;90;6.2;2.8;1;eor;1.372;;;;;;
03.01.2024;10;11.6;4.8;9;2.9;4;0.1;-999;7.6;9.3;979;7.6;88;9.2;4.5;4.2;eor;1.427;;;;;;
04.01.2024;10;11.8;5.1;9;1.5;4;0;-999;7.7;6.5;988.6;2.3;89;7.9;-1.4;-1.6;eor;1.399;;;;;;
05.01.2024;10;11.3;5.3;9;1.8;4;0;-999;7.8;4.5;998.7;-1.6;83;-1;-2.4;-2.1;eor;1.414;;;;;;
06.01.2024;10;11.7;7.6;9;0.3;4;0;-999;7.5;4.3;1005.3;-2.2;82;-1.6;-3.7;-4.2;eor;1.43;;;;;;
07.01.2024;10;11.6;4.6;9;0.4;4;0;-999;7.9;4.1;1016;-2;77;-0.3;-7;-4;eor;1.447;;;;;;
08.01.2024;10;9.1;3.6;9;0;0;6.6;-999;0.2;2.7;1026.4;-7.5;77;-2.8;-12.2;-8.4;eor;4.323;;;;;;
09.01.2024;10;3.7;1.2;9;0;4;6.7;-999;2.4;3;1029.3;-8;88;-4.4;-12.5;-8.9;eor;4.411;;;;;;
10.01.2024;10;7;1.6;9;0;4;0;-999;8;3.9;1025.5;-5.1;93;-1.2;-7.3;-3.2;eor;1.505;;;;;;
11.01.2024;10;11.3;4.7;9;0;4;0;-999;6.7;5.6;1020.8;-0.2;93;1.4;-3.4;-7.1;eor;1.527;;;;;;
12.01.2024;10;9.7;4.6;9;0;0;0;-999;8;5.4;1018;-1.1;95;0.9;-3.3;-4.3;eor;1.549;;;;;;
13.01.2024;10;14.9;7.2;9;0.3;4;0;-999;7.3;6.3;1003.1;2;90;3.5;0.7;0;eor;1.572;;;;;;
14.01.2024;10;14.2;7.1;9;0.7;4;0.5;-999;7.6;6.2;990.5;2.2;86;3.7;1.1;0.1;eor;1.83;;;;;;
15.01.2024;10;23.7;8.2;9;0.5;4;0.1;-999;7.5;4.6;983;0;76;1.8;-2.9;-3.9;eor;1.669;;;;;;
16.01.2024;10;8.9;2.5;9;0.8;4;2;-999;6.8;4.5;995.2;-1.9;83;0.2;-5;-8.1;eor;2.6;;;;;;
17.01.2024;10;8.9;3.4;9;0;0;0;-999;6.5;4;986.2;-2.7;81;-0.3;-4.6;-6.5;eor;1.677;;;;;;
18.01.2024;10;6.6;3.3;9;0;0;2.6;-999;4.5;4.2;988.1;-3;86;0.1;-6.5;-9.4;eor;2.969;;;;;;
19.01.2024;10;15;7;9;0.3;4;3.1;-999;4.9;4.9;1002.6;-0.1;81;2;-3.2;-5.8;eor;3.26;;;;;;
20.01.2024;10;14.6;7.1;9;0;0;0.6;-999;7.5;5.6;1013.4;2;79;3.5;-0.5;-1.7;eor;2.065;;;;;;
21.01.2024;10;12.8;5.1;9;0.2;4;0;-999;8;3.8;1013.1;1.5;56;3.7;-1.4;-3.2;eor;1.798;;;;;;
22.01.2024;10;17.6;7.2;9;3.1;4;0.1;-999;7;7.8;997.6;6.1;82;8.6;3.1;1.8;eor;1.882;;;;;;
23.01.2024;10;17.6;7.8;9;11.5;4;1.3;-999;6.2;7.1;1005.9;5.5;79;7.9;3.9;2.4;eor;2.536;;;;;;
24.01.2024;10;23.3;11.2;9;1.7;4;0.3;-999;7.4;8.9;997.7;7.8;84;10.4;4.4;3.6;eor;2.057;;;;;;
25.01.2024;10;25.2;9.5;9;0;0;0;-999;7.8;7.2;1010.7;6.6;75;7.8;4.4;3.7;eor;1.937;;;;;;
26.01.2024;10;22.6;6.6;9;5.6;4;0;-999;7.5;7.4;1010;5.3;82;9;3.4;2.3;eor;1.974;;;;;;
27.01.2024;10;18.6;6.9;9;0;0;0.3;-999;6.3;6.9;1021;4.8;80;7;1.8;-0.3;eor;2.175;;;;;;
28.01.2024;10;8.5;3.2;9;0;0;7.6;-999;4.4;6;1025;3.1;79;6.5;-0.6;-2.7;eor;6.172;;;;;;
29.01.2024;10;9.8;-999;9;0;0;7;-999;7.9;5.2;1019.7;5.3;58;9;2.8;0.6;eor;5.932;;;;;;
30.01.2024;10;9;-999;9;0.1;4;1.7;-999;8;6.7;1018.3;5.1;76;8.5;-0.3;-2.5;eor;3.092;;;;;;
31.01.2024;10;15.1;7.3;9;1.6;4;1.7;-999;7.1;6.9;1018;5.1;78;8.3;3.3;2.2;eor;3.148;;;;;;
01.02.2024;10;17.1;8.3;9;0;4;3.5;-999;6.5;6.8;1011.9;5.4;77;7.6;3.5;2;eor;4.246;;;;;;
02.02.2024;10;13.9;6.9;9;0.6;4;0;-999;7.6;7.9;1011.2;5.1;89;8.3;2.7;0.8;eor;2.265;;;;;;
03.02.2024;10;15.8;8.1;9;0.5;4;0.7;-999;6.8;9.4;1006.3;8.7;83;11;5.6;3.9;eor;2.727;;;;;;
04.02.2024;10;16.2;8.1;9;1;4;0;-999;7.7;7.5;1002.6;6.5;78;7.7;5.1;3.5;eor;2.358;;;;;;
05.02.2024;10;18.6;8.5;9;10.9;4;0;-999;7.5;9.4;997.9;7.5;90;8.7;6.2;5.6;eor;2.406;;;;;;
06.02.2024;10;18.4;10;9;6.7;4;0;-999;7.6;9.8;991.3;8.6;87;9.7;4;3.3;eor;2.455;;;;;;
07.02.2024;10;15.1;6.6;9;0.5;4;0.4;-999;7.8;5.8;991.4;2.7;77;4.8;-1.6;-4.8;eor;2.755;;;;;;
08.02.2024;10;6;2.3;9;0;4;0;-999;8;5.3;993;0.8;82;2.8;-1.6;-3.8;eor;2.556;;;;;;
09.02.2024;10;12.9;5.8;9;5.9;4;0;-999;7.7;5.9;984.9;0.5;94;1.3;-0.5;-1.3;eor;2.608;;;;;;
10.02.2024;10;8.1;4;9;0.8;4;0;-999;8;7.5;984.4;3;98;4.6;1.1;0.8;eor;2.661;;;;;;
11.02.2024;10;9.4;4.8;9;5.9;4;0;-999;8;8;984.6;4;98;4.5;3.4;3.3;eor;2.715;;;;;;
12.02.2024;10;11.6;4.6;9;1.7;4;0;-999;8;8;990.8;4.9;93;6.4;3.5;3.3;eor;2.77;;;;;;
13.02.2024;10;10.6;4.9;9;0;4;3.7;-999;7;7.4;1006;5.7;81;8.4;3.6;2.6;eor;5.33;;;;;;
14.02.2024;10;6.8;3.1;9;3.9;4;0;-999;7.8;8.3;1007.7;5.5;89;9.3;2.4;0.7;eor;2.882;;;;;;
15.02.2024;10;6.4;3;9;0.2;4;0;-999;7.9;12.2;1007.6;10.5;96;11.8;8.9;8.4;eor;2.94;;;;;;
16.02.2024;10;10.9;4.5;9;0.1;4;2.7;-999;7.9;11.3;1004.7;12.3;79;15.8;10.1;8.8;eor;4.898;;;;;;
17.02.2024;10;15.4;6.1;9;0;0;0;-999;6.6;7.9;1017.6;6.6;80;10.4;0.6;-3.8;eor;3.058;;;;;;
18.02.2024;10;8.1;3.1;9;6.1;4;1.3;-999;7.3;7;1018.6;5;80;8;-0.3;-3.7;eor;4.057;;;;;;
19.02.2024;10;15.2;5.3;9;2;4;0.1;-999;7.6;9.2;1008.3;6.7;93;7.8;4.8;4.7;eor;3.253;;;;;;
20.02.2024;10;13.3;5.5;9;1.1;4;0.3;-999;7.6;8.8;1011.9;7.3;86;9.1;5.8;4.9;eor;3.464;;;;;;
21.02.2024;10;12.2;5.5;9;0.5;4;1.9;-999;7.5;9.2;1004.2;8.2;85;10.9;6.9;5.4;eor;4.728;;;;;;
22.02.2024;10;12.6;3.9;9;0.8;4;0;-999;7.8;9.7;984.3;8.8;85;10.9;7.3;6.2;eor;3.369;;;;;;
23.02.2024;10;19.8;6.4;9;0;0;4.8;-999;7;6.8;984.8;7.4;65;11;4.2;1.3;eor;7.039;;;;;;
24.02.2024;10;11.2;3.4;9;0;4;8;-999;4.7;6.4;993.5;6.1;68;11;0.8;-2.5;eor;9.631;;;;;;
25.02.2024;10;9.8;3.2;9;0;4;6.6;-999;4.8;6.1;997.1;6.4;65;11.3;2;-0.7;eor;8.671;;;;;;
26.02.2024;10;8.6;3;9;0;0;6;-999;7.5;6.7;1000.2;4.4;81;9.6;-1.6;-4.8;eor;8.321;;;;;;
27.02.2024;10;8.2;3.8;9;0;0;0;-999;7.5;6.9;1008.6;2.3;96;3.6;0.3;-2;eor;3.7;;;;;;
28.02.2024;10;7.1;2.9;9;0;0;0.2;-999;7.9;6.2;1012.5;2.2;87;4.2;0.8;-0.7;eor;3.931;;;;;;
29.02.2024;10;10.1;3.7;9;0;0;9.4;-999;6.1;6.3;1007.5;4.3;77;10.3;-0.8;-3.4;eor;11.488;;;;;;
01.03.2024;10;7.9;2.8;9;0.8;4;0;-999;7.9;9.2;999;7.5;89;9.9;3.7;0.7;eor;3.908;;;;;;
02.03.2024;10;5.7;2.3;9;0.1;4;0.4;-999;7.8;10;998.8;8.2;92;11.8;5.5;3.5;eor;4.314;;;;;;
03.03.2024;10;8.6;4;9;0;0;3;-999;7.2;10.3;998.6;9.8;85;14;7;5.3;eor;6.601;;;;;;
04.03.2024;10;9.6;5.1;9;0;0;8.8;-999;2.5;8.4;1003.2;6.8;85;11;2.6;0.9;eor;11.687;;;;;;
05.03.2024;10;12.3;4.6;9;0;4;2.5;-999;5.9;6.4;1009.6;3.1;85;5.4;1.2;-0.5;eor;6.365;;;;;;
06.03.2024;10;7.6;3;9;0;0;1.8;-999;6.9;7;1016.7;3.9;87;7.4;0.2;-2.1;eor;5.846;;;;;;
07.03.2024;10;8.8;3.8;9;0;0;9.4;-999;2.3;6;1019.1;3.3;79;8.3;-2.4;-5.3;eor;12.681;;;;;;
08.03.2024;10;9.3;3.5;9;0;0;8.1;-999;2.3;5.3;1013;1.6;80;8.5;-3;-5.2;eor;11.676;;;;;;
09.03.2024;10;12.5;5.6;9;0;4;6.9;-999;3;6;1003.2;4.4;71;9.9;-2.6;-5.9;eor;10.737;;;;;;
10.03.2024;10;13;6.6;9;0;4;6.3;-999;4.5;7.3;997.7;7.8;69;12.3;1.6;-0.5;eor;10.326;;;;;;
11.03.2024;10;13;5.4;9;0;0;0;-999;7.8;8.7;997.3;7.4;84;9.2;3.1;-0.4;eor;4.636;;;;;;
12.03.2024;10;4.5;1;9;0;0;0.2;-999;7.8;8.1;1004.6;5.5;90;10;-1.4;-2.8;eor;4.898;;;;;;
13.03.2024;10;8.6;2.7;9;0.2;4;6.2;-999;7;8.6;1007.1;9.5;74;13.3;6.1;5;eor;10.629;;;;;;
14.03.2024;10;9.6;3.4;9;0;0;1.1;-999;8;10.4;1004.6;11.1;79;14.3;8.8;6.9;eor;5.91;;;;;;
15.03.2024;10;9.8;3.8;9;3.5;4;4.4;-999;7.5;11.1;999.8;11.9;80;17.5;8.2;6.2;eor;9.164;;;;;;
16.03.2024;10;14;6.5;9;1.6;4;3.2;-999;6.2;8.9;1003.9;8.5;78;11.9;4.7;2.1;eor;8.117;;;;;;
17.03.2024;10;11.8;4.7;9;0;0;3.5;-999;5.9;5.5;1014.7;3.1;72;6.5;-2.7;-6.6;eor;8.515;;;;;;
18.03.2024;10;9.1;2.9;9;0;0;9.8;-999;5.2;4.7;1013.8;0.4;76;5.4;-3.3;-7.4;eor;14.835;;;;;;
19.03.2024;10;10.1;2.9;9;0;0;9;-999;4.8;5;1014;3.9;64;9.1;-3.2;-6.9;eor;14.202;;;;;;
20.03.2024;10;6.9;2.2;9;1.5;4;0.3;-999;7.9;7.1;1011.4;8.9;62;13.3;5.3;3.1;eor;5.627;;;;;;
21.03.2024;10;10.3;3.9;9;0.4;4;0.2;-999;7.9;10.4;1010.1;8.9;90;14;5.2;2.3;eor;5.606;;;;;;
22.03.2024;10;11.6;5;9;0.2;4;0;-999;7.9;9.8;1004.3;8.8;86;11.4;6.3;5.5;eor;5.482;;;;;;
23.03.2024;10;15.3;3.8;9;1.9;4;1.9;-999;6.2;7.4;996;5.8;81;10.1;2.6;0.7;eor;7.514;;;;;;
24.03.2024;10;11.5;4.2;9;0.2;4;1.3;-999;7;7;990.3;4.4;83;7.3;2.1;0.4;eor;6.985;;;;;;
25.03.2024;10;9.5;3.2;9;0;4;2;-999;7.1;7.6;994.4;5.9;82;9.7;1.8;-1.9;eor;7.805;;;;;;
26.03.2024;10;13.1;4.5;9;0;0;7.9;-999;7.6;6.9;992;6.9;71;11.7;0.4;-2.7;eor;14.111;;;;;;
27.03.2024;10;10.7;4;9;0;0;6.6;-999;6.9;7.9;981.3;9.6;67;16.5;3.3;0;eor;12.873;;;;;;
28.03.2024;10;15.3;5;9;0.3;4;1.8;-999;5.3;8.7;978.9;9;76;13.8;6.2;3.3;eor;7.873;;;;;;
29.03.2024;10;15.4;4.4;9;0;4;1;-999;6.4;8.1;990.4;10;66;14.2;5.8;3.4;eor;7.104;;;;;;
30.03.2024;10;8.7;3.1;9;0;4;7;-999;5;11.5;992;13.9;73;20.1;7.4;4.7;eor;13.694;;;;;;
31.03.2024;10;6.4;2.6;9;0;0;3;-999;5.3;11.1;990.2;11.1;84;15.5;6.6;3.3;eor;9.458;;;;;;
01.04.2024;10;14.5;4.3;9;0.4;4;0.4;-999;7.8;10.8;986.8;9.2;92;12.8;5.1;5.1;eor;6.7;;;;;;
02.04.2024;10;19.8;8.6;9;1.6;4;1.4;-999;7.4;9.5;991.9;10;78;13.6;7.4;6.5;eor;7.887;;;;;;
03.04.2024;10;10.4;3.9;9;2.4;4;4.3;-999;7.3;7.8;998.2;6.3;82;9.9;3;1.9;eor;11.204;;;;;;
04.04.2024;10;11.7;4.6;9;4.7;4;1.4;-999;7.5;11.2;997.4;10.8;87;14.2;7.6;7.4;eor;8.061;;;;;;
05.04.2024;10;15.1;5.5;9;4.9;4;4.7;-999;6.8;11.9;1001.1;12.8;81;17.5;9.1;7.3;eor;11.869;;;;;;
06.04.2024;10;8.9;3.9;9;0;0;8;-999;7.5;12.7;1005.2;15.9;71;21.1;11.1;9.1;eor;15.721;;;;;;
07.04.2024;10;12.1;3.7;9;2.1;4;7.4;-999;7;12.7;1005.2;18.2;61;21.8;14.2;11.2;eor;15.166;;;;;;
08.04.2024;10;10.1;2.9;9;0.7;4;7.2;-999;5.4;13.9;1002.7;15;82;21.5;9.6;7.4;eor;15.062;;;;;;
09.04.2024;10;13.9;4.6;9;0;4;5.8;-999;5.5;13.8;1000.3;15.8;77;26.4;9;7.5;eor;13.568;;;;;;
10.04.2024;10;14.4;5.8;9;0;4;2.4;-999;5.8;8.6;1015.7;11;65;14.4;7.4;3.3;eor;9.733;;;;;;
11.04.2024;10;14.6;5;9;0;4;2.3;-999;6;9.6;1021.3;11.7;69;15.4;6.8;4.3;eor;9.706;;;;;;
12.04.2024;10;11.7;5;9;0;4;0.2;-999;7.9;13;1019.1;14.5;79;17.9;11.7;9.4;eor;7.33;;;;;;
13.04.2024;10;11.7;4.7;9;0;0;8.1;-999;7.1;12.2;1012.4;15.6;70;19.9;8.6;4.6;eor;16.721;;;;;;
14.04.2024;10;15.5;7.4;9;0;0;11.1;-999;6.4;8.6;1007.2;12.1;60;17.9;4.5;2.3;eor;20.397;;;;;;
15.04.2024;10;14.1;3;9;8.9;4;5.1;-999;6.3;8.1;997.1;7.9;76;11.9;3.8;-0.4;eor;13.388;;;;;;
16.04.2024;10;13.2;6.1;9;3.8;4;0.2;-999;7.2;7.3;991;4.9;84;6.8;0.4;-2.1;eor;7.626;;;;;;
17.04.2024;10;13.1;2.6;9;6.5;4;5.3;-999;4.9;6.8;999.8;4;84;10.5;-0.3;-2.5;eor;13.829;;;;;;
18.04.2024;10;12.5;3.6;9;0.2;4;6.8;-999;6.7;6.6;1005.4;5.9;73;12.1;0;-3;eor;15.74;;;;;;
19.04.2024;10;13.8;3.6;9;7.1;4;0.1;-999;7.8;7.7;995.5;5.4;85;8;4.1;2.7;eor;7.72;;;;;;
20.04.2024;10;13;4.8;9;0.4;4;5.8;-999;4.7;5.8;1006.8;3.8;72;7.2;-0.5;-4.7;eor;14.733;;;;;;
21.04.2024;10;12.4;3.1;9;4.5;4;8;-999;2.8;5.1;1015.9;2.1;72;8.3;-2.4;-5.8;eor;17.521;;;;;;
22.04.2024;10;7.2;2.6;9;0.2;4;0.7;-999;7.8;5.7;1015.7;2.1;81;5.3;-1.4;-3.5;eor;8.665;;;;;;
23.04.2024;10;8.2;2.7;9;0;4;5.5;-999;7.8;5.2;1009.1;3.8;67;8.5;-1.1;-3.6;eor;14.653;;;;;;
24.04.2024;10;8.9;3.2;9;0.8;4;2.4;-999;7.6;6.3;998.5;5.6;70;9.5;1.3;-1.3;eor;10.909;;;;;;
25.04.2024;10;9;2.3;9;1.2;4;4.4;-999;7.6;7.4;995.9;6;80;10;3.6;2.3;eor;13.47;;;;;;
26.04.2024;10;12.5;3.4;9;0;4;8.1;-999;6.2;7.4;998.1;8.4;71;14.3;1.7;-0.6;eor;18.165;;;;;;
27.04.2024;10;10.1;2.6;9;0.1;4;8.8;-999;5.1;9.2;1002.7;12.6;67;19.6;6.2;4.4;eor;19.14;;;;;;
28.04.2024;10;11.5;4.3;9;0;4;8.8;-999;6.8;10.5;1004.9;15.8;59;22.6;8.4;4.1;eor;19.24;;;;;;
29.04.2024;10;6.6;3.2;9;0;4;2.1;-999;7.5;10.6;1014.4;13.2;70;16.4;7.7;6.3;eor;10.905;;;;;;
30.04.2024;10;8.3;4.5;9;0;0;12.7;-999;4.5;12.3;1011.2;14.8;72;23.2;8.2;6.4;eor;24.358;;;;;;
01.05.2024;10;13.7;5.3;9;0;0;13.2;-999;4.5;12.5;1004.3;18;62;24.5;9.6;6.8;eor;25.1;;;;;;
02.05.2024;10;14.7;5.9;9;0;0;13.8;-999;1.7;11.8;998.6;18.5;56;24.6;10.7;8;eor;25.971;;;;;;
03.05.2024;10;9.5;3.2;9;0.4;4;9.8;-999;3.6;13.6;1001;17.8;68;24.9;11.1;8.2;eor;20.985;;;;;;
04.05.2024;10;5.6;2.8;9;2;4;2;-999;7.5;13.8;1006.9;13.8;88;17;10;8.2;eor;11.117;;;;;;
05.05.2024;10;11.5;4.3;9;0.1;4;4.5;-999;6.6;12.2;999.5;14.3;76;19.6;9.8;9;eor;14.381;;;;;;
06.05.2024;10;9.4;4.5;9;0;4;4.1;-999;7.6;10.1;1000.7;11.7;74;16.5;6.9;4.4;eor;13.939;;;;;;
07.05.2024;10;12.8;5.5;9;0;0;9.9;-999;7.3;9.1;1011.3;9.7;77;13.9;4.6;3.2;eor;21.469;;;;;;
08.05.2024;10;10.4;3.3;9;0;0;12;-999;3.8;8.1;1018.1;9.9;69;16.2;3.9;1.1;eor;24.261;;;;;;
09.05.2024;10;6.9;1.6;9;0;4;12.6;-999;5.2;8.9;1017.8;12.8;62;18.7;4.5;-0.1;eor;25.124;;;;;;
10.05.2024;10;10.1;3.2;9;0;0;7.9;-999;7.1;11.9;1014.9;14.5;73;20.4;10.2;6.4;eor;19.124;;;;;;
11.05.2024;10;8;2.8;9;0;0;3.9;-999;6.5;11.8;1015.4;13.2;79;18.2;6.6;3.7;eor;14.005;;;;;;
12.05.2024;10;9.5;3.9;9;0;0;14.1;-999;1.4;8.8;1015.1;12.1;66;18.9;5.7;3.4;eor;27.198;;;;;;
13.05.2024;10;11.7;4.6;9;0;0;14.7;-999;2.9;8.9;1010.2;14.4;57;21.9;6.5;3.5;eor;28.063;;;;;;
14.05.2024;10;12;5;9;0;0;14.7;-999;0;9.4;1006.8;16.3;53;23.4;8;3.9;eor;28.145;;;;;;
15.05.2024;10;14.8;6.7;9;0;0;14.8;-999;1;9.4;1006;17.8;48;23.3;10.7;8.2;eor;28.356;;;;;;
16.05.2024;10;16.3;7.5;9;0;0;14.1;-999;0.5;9.7;1004.7;18.3;47;24.3;12;10.3;eor;27.516;;;;;;
17.05.2024;10;14.4;6.7;9;0;0;14.7;-999;0.2;9.3;1004.2;17.9;47;23.7;10.6;7.1;eor;28.376;;;;;;
18.05.2024;10;11.6;3.7;9;0;4;6.9;-999;4.4;11.2;1003.3;15.9;63;21.9;8.6;4.6;eor;18.335;;;;;;
19.05.2024;10;9.1;2.4;9;1.3;4;3.7;-999;7;13.9;1001.7;15.9;78;21.8;12.3;10.9;eor;14.182;;;;;;
20.05.2024;10;11;3;9;0;4;8.2;-999;4.6;14.5;1004.1;16.7;78;23.7;11.1;9.4;eor;20.156;;;;;;
21.05.2024;10;12;5.4;9;0;0;14.3;-999;4.8;14.9;1004.4;17.3;76;24.2;10.6;8.9;eor;28.122;;;;;;
22.05.2024;10;13.7;5.6;9;14.4;4;3.8;-999;6.6;16.8;999.9;19.4;77;27.4;13.5;12.5;eor;14.452;;;;;;
23.05.2024;10;8.5;3.5;9;0.8;4;5.2;-999;7.5;15.9;1005.1;16.4;86;21.2;12.8;9.9;eor;16.346;;;;;;
24.05.2024;10;10.4;4.2;9;0;0;11.8;-999;5.7;15.1;1011.3;16.6;80;21.7;11.8;10.3;eor;25.123;;;;;;
25.05.2024;10;7.8;2.8;9;0;0;5;-999;6.8;15.9;1009.5;17.4;81;23.5;12.1;11.1;eor;16.167;;;;;;
26.05.2024;10;8.1;2.3;9;0;4;11.2;-999;5.7;15.9;1009.5;19.7;72;25.7;12.5;11;eor;24.427;;;;;;
27.05.2024;10;8;2.4;9;2.4;4;0.9;-999;7.5;16.4;1008.4;18.1;79;21.4;13.2;10.7;eor;10.805;;;;;;
28.05.2024;10;10.3;3.3;9;0.8;4;3.7;-999;6;14;1007.4;15.1;82;18.1;8.2;5.8;eor;14.556;;;;;;
29.05.2024;10;11.2;3.5;9;0;4;7.5;-999;6.1;12.6;1003.7;16.6;68;22.7;9.4;5.9;eor;19.641;;;;;;
30.05.2024;10;10.7;3;9;17.5;4;4;-999;7.4;15.4;998;16.5;82;21.5;13.1;11.3;eor;15.021;;;;;;
31.05.2024;10;8.6;3.1;9;0;4;10;-999;5.2;16.4;999.7;17.9;81;24;11.8;10.9;eor;23.039;;;;;;
01.06.2024;10;9.8;4.1;9;0;4;11.7;-999;4.3;17.7;1003.6;18.9;82;24.4;14.5;13.8;eor;26.136;;;;;;
02.06.2024;10;11;5.1;9;0;0;7.2;-999;6.1;17.2;1006.2;18.1;83;22.8;14.2;12.5;eor;19.907;;;;;;
03.06.2024;10;9.9;4.5;9;0;4;2.3;-999;7.5;13.2;1007.3;14.6;80;18.5;12.2;10.4;eor;13.002;;;;;;
04.06.2024;10;7.6;2.6;9;0;4;4.2;-999;6.6;14.1;1004.8;16.6;75;20.6;13.3;11.3;eor;15.694;;;;;;
05.06.2024;10;10.4;3.6;9;0.2;4;2.4;-999;6.3;12.9;1001.6;15.5;73;19.6;10.3;6.9;eor;13.182;;;;;;
06.06.2024;10;9.1;2.8;9;0;0;10.3;-999;6.1;9.5;1008.2;13.6;63;18.8;7.4;3.7;eor;24.284;;;;;;
07.06.2024;10;10.8;2.7;9;0;4;4.1;-999;6.4;10.1;1008.9;13.8;66;19;7.4;3.5;eor;15.626;;;;;;
08.06.2024;10;14.8;3.9;9;0;0;8.5;-999;6.5;10.9;1002.3;17;58;23.8;10.2;8.6;eor;21.79;;;;;;
09.06.2024;10;14.1;5.2;9;0;0;9.4;-999;4.4;9.4;999.1;13.5;63;19.4;7.8;6.1;eor;23.145;;;;;;
10.06.2024;10;10.5;3.8;9;1.7;4;5.4;-999;7.3;10.4;997.4;13.2;70;17.7;8.9;7.3;eor;17.548;;;;;;
11.06.2024;10;14.1;6.5;9;0;4;1.8;-999;7.8;11.2;999.7;12.5;78;16.4;9.4;8;eor;12.481;;;;;;
12.06.2024;10;13.3;4.7;9;1.6;4;6.7;-999;6.4;10.3;1006.8;12.2;73;17.2;8.5;7.2;eor;19.313;;;;;;
13.06.2024;10;10.8;4;9;0;4;8.3;-999;6.4;9.5;1008.2;12.8;66;17.5;7.6;5.8;eor;21.597;;;;;;
14.06.2024;10;10.8;3.3;9;0;4;2.7;-999;7.4;10.7;1004.3;15.3;62;21.2;9.9;7.9;eor;13.714;;;;;;
15.06.2024;10;17.4;3.9;9;6.5;4;6.9;-999;6.1;12.7;998.4;15.5;73;20.3;9.1;6.1;eor;19.608;;;;;;
16.06.2024;10;10.1;3.1;9;0.1;4;9;-999;5;11.8;1001.2;17.8;59;23;9.2;6.4;eor;22.557;;;;;;
17.06.2024;10;14.5;2.8;9;1.4;4;8.4;-999;6.9;14.8;1003.6;18.6;70;24;14.3;12.8;eor;21.758;;;;;;
18.06.2024;10;11.2;3.2;9;14;4;7.7;-999;6.1;15.5;1005.9;18.2;77;23.4;14;12.9;eor;20.824;;;;;;
19.06.2024;10;10;3.9;9;0.3;4;4;-999;5.7;13.4;1007.5;14.9;80;19.3;10.3;7;eor;15.607;;;;;;
20.06.2024;10;8.4;2.8;9;0;4;13.2;-999;4.8;12.2;1012.9;15.7;70;21.5;8.5;5.8;eor;28.447;;;;;;
21.06.2024;10;8.2;3;9;0.5;4;3.8;-999;7.2;17;1005.3;19.8;74;25.1;14;12.9;eor;15.336;;;;;;
22.06.2024;10;13.8;5.4;9;0;4;5.2;-999;5.4;15;1000.6;18.2;72;22.1;10.7;5.6;eor;17.338;;;;;;
23.06.2024;10;11.1;4.7;9;0;0;9.6;-999;4;13;1008.6;16.4;71;22;9.8;6.5;eor;23.482;;;;;;
24.06.2024;10;7;2.6;9;0;0;8.5;-999;4.1;14.6;1012.3;17.5;74;22.4;11.7;8.7;eor;21.869;;;;;;
25.06.2024;10;9.5;3;9;0;0;13.5;-999;3.1;15.7;1010.9;19.7;71;26.9;11.6;8.4;eor;28.942;;;;;;
26.06.2024;10;10;3.9;9;0;4;12.2;-999;1.4;17.2;1006.2;21.8;68;29.1;13.9;10.3;eor;27.057;;;;;;
27.06.2024;10;8.6;2.1;9;2.4;4;6.2;-999;7.7;21.5;1001.4;22.6;80;31.1;16.7;13.9;eor;18.627;;;;;;
28.06.2024;10;13;3.9;9;6.5;4;10.1;-999;4.5;18.7;1003.9;20.6;77;26.3;14.2;9.6;eor;24.086;;;;;;
29.06.2024;10;9.4;2.9;9;17.6;4;13.7;-999;3.8;15.1;1007.7;19.6;68;26.5;11.6;8.2;eor;29.139;;;;;;
30.06.2024;10;15;4.4;9;4.3;4;0.3;-999;7.7;19.3;-999;18.4;91;23.9;15.2;13.5;eor;10.307;;;;;;
01.07.2024;10;9.1;3;9;0;4;1.6;-999;6.9;15.5;-999;16;85;19.9;12.3;11;eor;12.024;;;;;;
02.07.2024;10;10.5;4.9;9;1.1;4;0.7;-999;7.8;14.2;1000.7;15;83;18.9;12.2;11.1;eor;10.807;;;;;;
03.07.2024;10;10.6;3.8;9;0.6;4;0.5;-999;8;12.3;999.3;14.1;77;16.9;11.9;11.3;eor;10.521;;;;;;
04.07.2024;10;11.6;3.9;9;6.9;4;4.4;-999;5.8;12.7;997.3;14.1;79;18.1;9.7;6.7;eor;15.693;;;;;;
05.07.2024;10;14.4;5.2;9;0;4;11.1;-999;3.3;11.4;1000.5;15.8;65;21.5;8.5;5.7;eor;24.582;;;;;;
06.07.2024;10;12.9;4.1;9;4.3;4;7;-999;7;15.9;995.7;19.7;71;29.2;12.8;11.5;eor;19.099;;;;;;
07.07.2024;10;10.2;3.9;9;0;4;9.7;-999;5.9;11.1;1004.3;16.6;60;21.5;12.1;9;eor;22.656;;;;;;
08.07.2024;10;10.4;2.9;9;0;4;8.2;-999;6.6;12.6;1009.7;19.2;59;25;10.8;8.6;eor;20.629;;;;;;
09.07.2024;10;10.1;3.5;9;0;0;6.6;-999;6.2;16.6;1010.5;22;65;29.9;15.2;14;eor;18.472;;;;;;
10.07.2024;10;19.9;2.9;9;11.5;4;7.3;-999;5.3;21.3;1006.3;22.5;78;29;19;16.7;eor;19.364;;;;;;
11.07.2024;10;11.4;2.6;9;0.2;4;6.8;-999;6.1;19.3;1007.6;20.9;79;24.9;17.3;15.5;eor;18.665;;;;;;
12.07.2024;10;10.8;3.4;9;0;4;3.7;-999;7.1;18.5;1004;21.1;75;25.4;15.4;13.5;eor;14.524;;;;;;
13.07.2024;10;10.1;4.2;9;0.4;4;1.6;-999;6.1;14.7;1002.2;17.1;76;19.8;14.2;10.5;eor;11.712;;;;;;
14.07.2024;10;13.9;3.1;9;1.6;4;12.9;-999;3.6;13.3;1005.1;18.7;63;24.5;13.1;10.7;eor;26.598;;;;;;
15.07.2024;10;8.5;2.9;9;1.4;4;14.3;-999;3.5;14.6;1004.9;21;61;26.8;14.5;10.8;eor;28.392;;;;;;
16.07.2024;10;13.9;3.3;9;9.5;4;3.5;-999;6;18.7;1002.6;18.6;88;25.7;14.7;13.3;eor;14.105;;;;;;
17.07.2024;10;12;5.1;9;0.5;4;6;-999;4.8;16.2;1009.1;18;79;23.2;14.3;13.3;eor;17.353;;;;;;
18.07.2024;10;6.7;3;9;0;0;12;-999;5;15.6;1014.9;18.7;74;24;13.9;12;eor;25.191;;;;;;
19.07.2024;10;7.9;2.1;9;0;0;11.9;-999;3.9;16.7;1012.8;20.4;72;27.6;13.4;11;eor;25;;;;;;
20.07.2024;10;8.8;3.1;9;0;0;14.5;-999;0.9;15.9;1005.7;21;67;27.7;14.1;11.4;eor;28.345;;;;;;
21.07.2024;10;10.4;2.9;9;1.2;4;13.2;-999;3.2;16.2;1000.7;23;61;30.6;14.1;11.3;eor;26.575;;;;;;
22.07.2024;10;13.5;4.2;9;0.3;4;2.2;-999;6.2;18.7;1004.2;18.9;85;22.2;13.3;8.6;eor;12.131;;;;;;
23.07.2024;10;13.8;3;9;3.4;4;10.9;-999;3.5;15.3;1007.7;18.5;74;27.5;11.2;7.1;eor;23.434;;;;;;
24.07.2024;10;12.3;4.7;9;0;0;7.4;-999;5.1;15.4;1007.1;18.3;74;22.9;13.1;8.8;eor;18.806;;;;;;
25.07.2024;10;7.5;2.6;9;0;0;10.2;-999;4.3;12.3;1006.7;16.7;67;22.3;11.4;8.6;eor;22.385;;;;;;
26.07.2024;10;8.2;2.3;9;3.1;4;0.2;-999;7.9;15.8;1003.6;18;76;22.1;13.3;10.7;eor;9.334;;;;;;
27.07.2024;10;5.4;2.2;9;6;4;0.2;-999;7.8;17.8;1006.3;17.5;89;21.6;15.6;15.2;eor;9.285;;;;;;
28.07.2024;10;13.7;5.2;9;0.1;4;8.1;-999;4.4;14.9;1011.2;17.3;77;22.6;13.3;11.3;eor;19.45;;;;;;
29.07.2024;10;12.1;4.6;9;0;0;13.5;-999;3.8;12.8;1015;17.3;67;22.7;11.7;6.8;eor;26.347;;;;;;
30.07.2024;10;6.2;2;9;0;0;12.7;-999;2;14;1010.8;19.1;67;26.6;10.6;6.1;eor;25.229;;;;;;
31.07.2024;10;7.2;2.4;9;0;4;12.9;-999;4;14.4;1006.5;21;61;28.3;13.8;9.3;eor;25.398;;;;;;
01.08.2024;10;8;2.3;9;0;0;12.5;-999;2.7;14.7;1004.6;19.4;68;26.6;12.7;9.4;eor;24.794;;;;;;
02.08.2024;10;7.1;2.5;9;0;4;0.6;-999;7.6;15;1003.2;17.2;78;22.2;13.8;9.5;eor;9.482;;;;;;
03.08.2024;10;9.6;2;9;10.8;4;5;-999;5.5;16;1002.7;19.1;74;24.7;13.2;9.1;eor;15.038;;;;;;
04.08.2024;10;11.7;3.6;9;3.6;4;4.3;-999;7.3;17.8;1002.2;18.7;83;24.6;16.3;15.4;eor;14.075;;;;;;
05.08.2024;10;10.1;3.7;9;0;0;10.9;-999;4.3;13.6;1006.3;18;67;23.4;12.9;10;eor;22.38;;;;;;
06.08.2024;10;6.1;1.6;9;0;0;12.7;-999;2;13.9;1006.2;19.4;64;26.1;11.9;8.4;eor;24.563;;;;;;
07.08.2024;10;10.4;2.8;9;2.6;4;13;-999;4.5;15.2;1003.4;22;60;28.3;15.2;13;eor;24.837;;;;;;
08.08.2024;10;10.5;4;9;0;0;7.5;-999;6.2;15.5;1006.3;19.6;70;23.6;14.6;13.5;eor;17.808;;;;;;
09.08.2024;10;13.9;4.2;9;3.2;4;2.7;-999;7;17;1005.4;18.4;80;23.8;15.2;12.9;eor;11.696;;;;;;
10.08.2024;10;12.5;4.5;9;0;4;9.6;-999;4.5;14.7;1009.4;18.9;69;24.4;13.3;11.4;eor;20.254;;;;;;
11.08.2024;10;12.9;5;9;0;0;12.6;-999;4.9;13.8;1012.1;19.4;63;24.5;14.6;9.8;eor;23.893;;;;;;
12.08.2024;10;7.5;2.5;9;0;0;13.6;-999;-999;13.6;1008.8;18.1;69;25.2;11.6;7.9;eor;25.02;;;;;;
13.08.2024;10;-999;-999;9;0;0;13.8;-999;-999;-999;-999;20.4;-999;27.9;10.6;8.9;eor;25.146;;;;;;
14.08.2024;10;-999;-999;9;5;4;13.1;-999;-999;-999;-999;23.1;-999;31.1;14.1;13.5;eor;24.157;;;;;;
15.08.2024;10;7.4;-999;9;0;0;5.6;-999;-999;-999;-999;22.6;-999;28.1;19.6;17.8;eor;14.812;;;;;;
16.08.2024;10;11.2;3.6;9;0;4;8.2;-999;5.2;18.9;1005.8;23;69;28.7;17.8;16.5;eor;17.904;;;;;;
17.08.2024;10;7.2;2.7;9;0.3;4;0;-999;7.9;18.1;1004.7;18.6;84;20.9;15.8;15.9;eor;7.793;;;;;;
18.08.2024;10;8.5;3;9;0.1;4;0.3;-999;8;15.5;1003;17.9;76;21.8;14.9;12.3;eor;8.09;;;;;;
19.08.2024;10;7.2;2.8;9;0;0;6;-999;4.9;14;1008.7;17.5;72;23.2;13.5;9.2;eor;14.919;;;;;;
20.08.2024;10;8.1;2.8;9;0;4;10.9;-999;2.9;14.1;1006;19.9;62;25.9;13;9.2;eor;20.725;;;;;;
21.08.2024;10;18.2;6.1;9;0;4;3.9;-999;6.3;14.2;1002.4;18.5;66;22.8;12.8;10.9;eor;12.199;;;;;;
22.08.2024;10;10.8;-999;9;0;4;1.5;-999;7.8;12.5;1003.5;17.7;63;22.9;12.9;10.9;eor;9.241;;;;;;
23.08.2024;10;17.6;5;9;0;4;6.2;-999;7.9;14;999.6;22.2;54;29.3;17.5;15.3;eor;14.751;;;;;;
24.08.2024;10;10.5;3.6;9;0.2;4;11.5;-999;1.9;16.7;1002.2;24;58;30.6;14.3;11.9;eor;20.919;;;;;;
25.08.2024;10;15.5;5.6;9;0;0;6.6;-999;5.8;13.1;1007.6;19.8;57;27.4;12;7.4;eor;15.009;;;;;;
26.08.2024;10;9.8;2.5;9;0;0;12.2;-999;0.6;10.3;1014.5;17.5;55;24.6;8.6;4.9;eor;21.463;;;;;;
27.08.2024;10;6.8;1.9;9;0;0;11.2;-999;4.5;12.1;1015.8;19.1;58;27;10.5;6.4;eor;20.152;;;;;;
28.08.2024;10;11.4;4.2;9;0;0;11.7;-999;0.5;15.1;1012.4;22;59;29.6;13.3;8.8;eor;20.591;;;;;;
29.08.2024;10;8.5;2.8;9;0;0;12.2;-999;2.4;18.8;1008.1;26.2;59;33.4;19.4;16.9;eor;21.022;;;;;;
30.08.2024;10;10;3.4;9;0.6;4;0.3;-999;7.8;17.8;1012.4;19.2;79;22.5;14.6;11.1;eor;7.213;;;;;;
31.08.2024;10;7.7;2.8;9;0;0;12;-999;1.9;13.2;1017.4;16.5;73;22.7;10.2;5.8;eor;19.42;;;;;;
01.09.2024;10;8.5;3.5;9;0;0;8.9;-999;6;13.2;1014.3;15.8;76;23.4;8.6;5.6;eor;16.31;;;;;;
02.09.2024;10;9.1;3.5;9;0;0;11.4;-999;5.2;13.4;1008.7;18.1;70;25.6;10.9;7.9;eor;19.63;;;;;;
03.09.2024;10;10.1;3.4;9;0;0;12;-999;2.3;17.4;1007.4;23.2;63;31.5;12.8;10.8;eor;17.59;;;;;;
04.09.2024;10;12.3;4.7;9;0;0;12.1;-999;0.2;15.5;1007.4;25.6;50;33.2;17.5;15;eor;17.74;;;;;;
05.09.2024;10;14.5;6.6;9;0;0;12;-999;2.3;14.1;1009.2;24;50;31.1;16.6;13.7;eor;17.84;;;;;;
06.09.2024;10;13.9;5.9;9;0;0;10.4;-999;2.9;13.8;1008.6;22.5;53;29.9;16.2;13.5;eor;16.46;;;;;;
07.09.2024;10;9.4;3.5;9;0;0;11.3;-999;4;13.9;1006.5;23.2;51;30.8;15.8;12.3;eor;17.05;;;;;;
08.09.2024;10;10.8;3.2;9;2.4;4;11.3;-999;4.2;16.3;1000.7;24.6;54;31.7;17.4;14.8;eor;17.49;;;;;;
09.09.2024;10;14.1;4.5;9;10.2;4;0;-999;7.4;18.1;992.5;17.6;90;21;15;13.8;eor;2.15;;;;;;
10.09.2024;10;11.6;4.9;9;3.5;4;4.3;-999;6;13.1;997.8;16;73;18.9;13.7;12.8;eor;11.53;;;;;;
11.09.2024;10;16.3;-999;9;5.7;4;1.4;-999;7.8;12.4;994.6;12.7;84;15.8;8.8;7.1;eor;6.44;;;;;;
12.09.2024;10;7;2.6;9;0;0;7.8;-999;5.5;9.8;1003.6;11.2;75;16.3;7.5;4.7;eor;13.31;;;;;;
13.09.2024;10;13.2;4.7;9;0.3;4;0.9;-999;8;10.9;1010.2;11.8;79;15.2;7.3;4.3;eor;7.87;;;;;;
14.09.2024;10;14.4;6.6;9;0;0;8.5;-999;4.9;10.6;1015.2;13.2;71;17.9;8.9;5.4;eor;14.06;;;;;;
15.09.2024;10;13.3;5.6;9;0.1;4;11.1;-999;2.2;10.5;1014.4;13.5;70;18.3;8.4;4.7;eor;16.89;;;;;;
16.09.2024;10;11;5.1;9;0;0;0;-999;7.9;14.8;1013.9;15.1;86;17;12.8;11.3;eor;3.89;;;;;;
17.09.2024;10;9.4;4.8;9;0;0;4.9;-999;6.1;16.7;1020.2;17.2;85;20.9;15.7;15;eor;10.22;;;;;;
18.09.2024;10;8.7;4.6;9;0;0;7.1;-999;5.8;16.7;1022.4;17.4;84;23;15.3;14.8;eor;12.22;;;;;;
19.09.2024;10;9.2;4.7;9;0;0;7.2;-999;4.4;17;1020.3;17.3;87;22.5;14.5;12.8;eor;12.41;;;;;;
20.09.2024;10;11.1;4.1;9;0;0;11;-999;0.7;11.8;1019.6;16.3;69;24;9.5;6.8;eor;15.23;;;;;;
21.09.2024;10;8.4;3.3;9;0;0;11;-999;0.7;10.4;1016.4;15.2;65;23.4;7.1;4;eor;15.49;;;;;;
22.09.2024;10;7.8;2.4;9;0;0;11;-999;1.1;11;1009.3;15.9;64;24.1;8.6;5.1;eor;14.95;;;;;;
23.09.2024;10;5.9;1.8;9;0;0;10;-999;4.8;11.8;1001.4;17.3;61;24.4;8.4;5.4;eor;14.03;;;;;;
24.09.2024;10;10.3;3.1;9;3.4;4;1;-999;7.4;14.5;995.1;15.1;84;19.1;11.4;9.5;eor;5.81;;;;;;
25.09.2024;10;17;4.4;9;1.4;4;4;-999;7.5;13.8;995.6;15;81;18.2;11.7;9.9;eor;9.13;;;;;;
26.09.2024;10;11.9;4;9;2.3;4;0.5;-999;7.8;15;986.3;15.4;86;17.6;12.2;11.1;eor;4.17;;;;;;
27.09.2024;10;17.5;6.6;9;2.7;4;6.5;-999;4.8;12.3;987.1;15.2;72;18.7;11;10.5;eor;10.93;;;;;;
28.09.2024;10;14.4;6.4;9;1.4;4;8;-999;3.5;10.3;1002.8;10.5;81;14.6;6.5;4.3;eor;11.68;;;;;;
29.09.2024;10;8.5;2.8;9;0;4;7.6;-999;2.3;8.8;1018.1;8.7;79;14.1;5;0.9;eor;11.61;;;;;;
30.09.2024;10;13;5.1;9;1.1;4;8.6;-999;5.4;8.1;1014.5;9.3;71;14.9;4.5;0.7;eor;12.66;;;;;;
01.10.2024;10;12.3;6.7;9;14.5;4;-999;-999;7.1;9.1;1004.7;8;85;9.3;6.5;5.2;eor;2.27;;;;;;
02.10.2024;10;10.9;4.9;9;3.8;4;-999;-999;7.8;10.4;1003.7;9.8;86;13;7.5;7;eor;5.84;;;;;;
03.10.2024;10;10.5;5.2;9;0.4;4;-999;-999;7.8;11.5;1007.8;10.7;89;12.2;8.7;6.4;eor;3.34;;;;;;
04.10.2024;10;9.6;3.9;9;0.1;4;-999;-999;1.7;10.1;1011.9;9.7;85;14.4;6.1;2.2;eor;8.65;;;;;;
05.10.2024;10;6.6;2.2;9;0;4;-999;-999;5.6;10.3;1011.7;9.3;88;13.9;4;0.8;eor;5.46;;;;;;
06.10.2024;10;6.7;2;9;0;0;-999;-999;6.3;9.1;1005.6;8.2;85;12.7;1.4;0;eor;7.94;;;;;;
07.10.2024;10;8.2;3;9;0;4;-999;-999;5.4;11.1;998.5;10.9;85;14.4;6.6;3.7;eor;6.59;;;;;;
08.10.2024;10;7;2.6;9;12.9;4;-999;-999;7.8;15.5;994.3;14.8;92;20.2;9.6;8.2;eor;5.57;;;;;;
09.10.2024;10;11;3.1;9;1.7;4;-999;-999;7.5;14.9;987;15.2;87;17.7;13.7;13;eor;7.05;;;;;;
10.10.2024;10;16.7;6;9;4.6;4;-999;-999;6.1;13.3;982.9;13.3;86;16.1;7.4;5.8;eor;3.46;;;;;;
11.10.2024;10;11.4;4.8;9;0;4;-999;-999;2.8;8.8;1004.2;8.5;80;12.5;6;4.3;eor;10;;;;;;
12.10.2024;10;9.1;3.6;9;4.3;4;-999;-999;4.9;8.4;1008.1;8.9;75;13.1;4.2;2.2;eor;9.81;;;;;;
13.10.2024;10;16.5;7.6;9;2;4;-999;-999;7.7;9.9;996.5;9.7;82;12.3;7.9;7.1;eor;4.76;;;;;;
14.10.2024;10;12.9;4.9;9;0;4;-999;-999;7;9.4;1007.8;9.1;81;11.5;6.2;3.2;eor;7.08;;;;;;
15.10.2024;10;6.1;2.2;9;0;4;-999;-999;1.8;7.8;1015.9;6.9;79;11.9;3.2;-2;eor;9.12;;;;;;
16.10.2024;10;13.9;5.9;9;0;4;-999;-999;5.5;7.9;1015.5;8;75;13.1;1.8;-2.1;eor;10.01;;;;;;
17.10.2024;10;10.7;4.8;9;0;0;-999;-999;3.8;9.8;1009.6;10.7;75;14.5;7.1;5.3;eor;9.08;;;;;;
18.10.2024;10;6.4;3;9;0;0;-999;-999;7.5;11.1;1008.9;11.1;84;16.4;7.5;5.6;eor;8.62;;;;;;
19.10.2024;10;9;3.4;9;0;0;-999;-999;7;12.4;1009.3;13.5;79;18;8.5;6;eor;7.38;;;;;;
20.10.2024;10;7.9;3;9;0.5;4;-999;-999;7.3;13.1;1012.9;14.3;81;18.1;11.9;10.9;eor;7.79;;;;;;
21.10.2024;10;10.2;3.6;9;1.7;4;-999;-999;7.4;14.7;1014.1;15.4;84;18.6;13.7;12.5;eor;4.73;;;;;;
22.10.2024;10;13.8;4.1;9;0;4;-999;-999;4.7;12.9;1016.1;12.5;88;15.2;9;7.3;eor;3.98;;;;;;
23.10.2024;10;6.3;2.7;9;0;0;-999;-999;5.6;11.4;1025.6;10;93;12.8;7.5;5.1;eor;4.52;;;;;;
24.10.2024;10;8.3;2.8;9;0;0;-999;-999;1.6;10;1022.4;9;87;14.1;3.1;0.5;eor;8.68;;;;;;
25.10.2024;10;6;2.7;9;0;0;-999;-999;0.6;11.3;1013.2;10.6;88;15.5;6.2;4.5;eor;7.18;;;;;;
26.10.2024;10;4.4;1.7;9;0;0;-999;-999;2.5;12.4;1012.3;10.7;96;16.6;5.2;2.8;eor;6.56;;;;;;
27.10.2024;10;9.7;3.3;9;0.2;4;-999;-999;5.5;12.2;1010.6;11.3;91;13.8;7.7;3.7;eor;3.63;;;;;;
28.10.2024;10;9.4;3.2;9;1;4;-999;-999;7.8;12.3;1014.1;10.8;95;13.6;7.7;5.8;eor;3.57;;;;;;
29.10.2024;10;7.1;3.6;9;1.1;4;-999;-999;7.9;14.2;1014.2;12.8;96;13.5;12.2;11.8;eor;1.39;;;;;;
30.10.2024;10;11.4;4.6;9;0;4;-999;-999;7.8;12.7;1015.7;12.1;89;14.9;7;3.7;eor;2.36;;;;;;
31.10.2024;10;13.1;5.9;9;0;4;-999;-999;7.9;11;1015.4;10.3;88;12.3;6.3;4.2;eor;1.72;;;;;;
01.11.2024;10;14.1;7.3;9;0.4;4;-999;-999;7.7;12.2;1010.1;12.1;86;12.7;9.1;7.5;eor;2.26;;;;;;
02.11.2024;10;9.5;2.8;9;0;0;-999;-999;5;6.4;1021.7;5.7;70;9;0.8;-3.1;eor;7.16;;;;;;
03.11.2024;10;10.1;4.2;9;0;4;-999;-999;7;7.6;1021.1;5.9;81;9;1.6;-2.3;eor;6.04;;;;;;
04.11.2024;10;4.6;1.7;9;0;4;-999;-999;8;11.2;1021.5;10.3;90;11.9;9;8.3;eor;2.65;;;;;;
05.11.2024;10;5.7;2.5;9;0;0;-999;-999;8;9.1;1019.2;7.9;86;10.4;3;1.1;eor;3.24;;;;;;
06.11.2024;10;4.2;1.4;9;0;4;-999;-999;8;8.7;1022.2;5.8;95;6.7;5;4.8;eor;0.77;;;;;;
07.11.2024;10;3.3;1.3;9;0.1;4;-999;-999;8;9;1026;6;96;6.9;4.9;4.8;eor;0.28;;;;;;
08.11.2024;10;9.6;3.6;9;0;4;-999;-999;7.9;8.1;1025.3;5.1;91;6.5;3.5;3;eor;1.21;;;;;;
09.11.2024;10;7.6;4;9;0;0;-999;-999;8;6.8;1021.6;2.7;92;3.7;0.9;1.1;eor;1.85;;;;;;
10.11.2024;10;5.2;2;9;0;0;-999;-999;8;6.4;1020.5;1.1;97;2.3;0.1;0.3;eor;1.02;;;;;;
11.11.2024;10;6;2.2;9;0.1;4;-999;-999;8;7.6;1019.3;3.7;95;5.1;2.3;2.4;eor;1.54;;;;;;
12.11.2024;10;5.7;1.9;9;0;4;-999;-999;8;7.9;1023.9;4.8;92;6.1;3.3;3;eor;1.89;;;;;;
13.11.2024;10;8.6;2.9;9;0.2;4;-999;-999;7;8.3;1019.7;6.2;88;9.8;2.4;0.1;eor;3.88;;;;;;
14.11.2024;10;10.4;4.6;9;0;4;-999;-999;7.8;9.4;1012.5;7.4;91;10.1;5.1;2.7;eor;2.21;;;;;;
15.11.2024;10;12.2;5;9;0;0;-999;-999;7.9;9.9;1013.3;7.2;97;9.3;3.6;1.1;eor;1.72;;;;;;
16.11.2024;10;13;6.7;9;1.5;4;-999;-999;7.8;8.5;1005.6;7.4;82;8.4;6.3;5.9;eor;1.15;;;;;;
17.11.2024;10;19.8;6.4;9;4.5;4;-999;-999;7;8.3;994.3;6.2;88;8.2;3.6;2.5;eor;2.29;;;;;;
18.11.2024;10;15.3;7.4;9;0;4;-999;-999;5.5;6.6;994.5;4.1;80;5.8;1.7;-0.1;eor;2.77;;;;;;
19.11.2024;10;12.7;4.8;9;6.1;4;-999;-999;7.7;6.2;985.5;1.2;94;2.2;0.2;-0.1;eor;0.76;;;;;;
20.11.2024;10;11;5.5;9;0.2;4;-999;-999;6.9;6.1;984.2;1.4;89;3.7;0.2;-1.4;eor;3.48;;;;;;
21.11.2024;10;11.9;4.8;9;0.3;4;-999;-999;7.5;5.7;985.3;0.7;88;2.2;-1.3;-2.6;eor;1.57;;;;;;
22.11.2024;10;11.8;4.6;9;0.1;4;-999;-999;7.3;5.8;988;1.6;85;3.1;-0.9;-2.8;eor;3.09;;;;;;
23.11.2024;10;11.9;4.8;9;3.7;4;-999;-999;6.8;6;1005.5;2;84;3.9;-1.2;-3.8;eor;1.71;;;;;;
24.11.2024;10;11.5;4.8;9;4.2;4;-999;-999;7.7;9;1001;7.8;84;12.3;2.5;1.2;eor;1.36;;;;;;
25.11.2024;10;13.8;5.5;9;0;4;-999;-999;7.8;9.4;998.7;13.6;60;15.8;11.2;10;eor;2.52;;;;;;
26.11.2024;10;10.3;4.4;9;0.3;4;-999;-999;6.5;9.2;1006.6;8.7;81;11.3;6.1;4.5;eor;3.16;;;;;;
27.11.2024;10;13;4.3;9;12.6;4;-999;-999;6.8;8.3;1008.5;5.7;91;7.8;4.2;2.7;eor;2.46;;;;;;
28.11.2024;10;13.3;5.3;9;1.1;4;-999;-999;7.4;8.8;1002.1;6.4;91;8.4;4.8;3.8;eor;1.25;;;;;;
29.11.2024;10;7.2;2.5;9;0;0;-999;-999;7.8;7;1023.8;4.3;84;5;3.3;1.3;eor;0.75;;;;;;
30.11.2024;10;9.9;3.3;9;0;0;-999;-999;7.1;6.1;1023.2;3.3;79;5.7;0.7;-1.2;eor;3.99;;;;;;
01.12.2024;10;7;2.7;9;0;0;-999;-999;1;5.6;1015.2;1.1;85;4.1;-1.6;-3.4;eor;3.88;;;;;;
02.12.2024;10;9;3.9;9;0.2;4;-999;-999;7.8;7.2;1005.2;4;86;6.7;-0.1;-1.4;eor;1.77;;;;;;
03.12.2024;10;9.1;3.4;9;2.1;4;-999;-999;7.8;8.8;1005;6.3;92;7.5;4.8;4.6;eor;1.78;;;;;;
04.12.2024;10;6.4;3.1;9;3.7;4;-999;-999;7.9;8.1;1012.3;4.4;97;5.2;3.3;2.7;eor;1.2;;;;;;
05.12.2024;10;11.8;3.2;9;1.4;4;-999;-999;7.8;7;1010.9;3.4;90;4.8;2.2;0.8;eor;1.79;;;;;;
06.12.2024;10;12.1;4.2;9;0.9;4;-999;-999;7.9;6.9;995.1;2.9;92;3.8;1.8;1.4;eor;1.06;;;;;;
07.12.2024;10;9.2;3.1;9;5.3;4;-999;-999;7.9;8;996.4;4.7;93;5.6;3.6;3.2;eor;1.35;;;;;;
08.12.2024;10;9.7;4.6;9;6.2;4;-999;-999;7.8;7.5;1004.6;4.2;91;5.3;3.3;2.5;eor;0.89;;;;;;
09.12.2024;10;17.3;8.2;9;5;4;-999;-999;7.3;8.2;1017.4;4.9;94;5.5;4.1;3.6;eor;0.8;;;;;;
10.12.2024;10;14.3;5.7;9;0;4;-999;-999;7.9;7.6;1022.8;4;93;4.8;2.9;2.6;eor;0.43;;;;;;
11.12.2024;10;7;2.5;9;0;0;-999;-999;8;6.2;1021.8;2.1;87;3.5;1.3;1.1;eor;0.75;;;;;;
12.12.2024;10;3.3;1.2;9;0.1;4;-999;-999;7.8;6.5;1023.4;1.7;93;3.1;0.4;-2.2;eor;0.93;;;;;;
13.12.2024;10;8.7;2.3;9;0;0;-999;-999;7.6;6.1;1022.2;1.6;88;3.2;0;-0.4;eor;1.38;;;;;;
14.12.2024;10;10.4;5.4;9;0.1;4;-999;-999;7.7;5.8;1005.7;0.8;89;4.7;-1;-0.9;eor;0.4;;;;;;
15.12.2024;10;18;7.4;9;1.6;4;-999;-999;7;8.5;1006.5;5.7;91;10.1;3.4;1.7;eor;1.18;;;;;;
16.12.2024;10;17.7;10;9;0.2;4;-999;-999;7.6;10.9;1008.6;9.8;90;10.8;8.2;7.6;eor;0.52;;;;;;
17.12.2024;10;15.8;7.5;9;0;4;-999;-999;7.8;9.8;1011.9;8.8;86;9.5;7.8;7.2;eor;0.75;;;;;;
18.12.2024;10;15.3;5.7;9;0.3;4;-999;-999;7.8;9.2;1002.4;8.5;82;11.2;5.8;4.9;eor;1.1;;;;;;
19.12.2024;10;15.1;7.1;9;0.4;4;-999;-999;7.3;10;987;9.8;82;13.3;4.8;3.6;eor;1.28;;;;;;
20.12.2024;10;14.6;7.8;9;0;4;-999;-999;6.8;6.9;999.9;4.9;79;6.1;3.2;1.7;eor;2.25;;;;;;
21.12.2024;10;13.4;6.3;9;2.2;4;-999;-999;7.8;7.5;999.9;4.9;86;6.5;2.7;1.5;eor;0.72;;;;;;
22.12.2024;10;11.4;4.8;9;4.5;4;-999;-999;7.5;8;985.7;5.1;91;6.6;3.3;2.2;eor;1.1;;;;;;
23.12.2024;10;13.3;6.4;9;3.2;4;-999;-999;7.8;7.4;994.8;3.7;93;5.3;1.1;0.3;eor;0.72;;;;;;
24.12.2024;10;8.1;3;9;0;4;-999;-999;7.5;7.5;1014.7;3.7;94;4.9;2.1;-0.5;eor;1.17;;;;;;
25.12.2024;10;7.4;3.3;9;0;0;-999;-999;7.9;7.8;1024.6;4;95;6.1;1.5;0.7;eor;0.91;;;;;;
26.12.2024;10;5.6;2.6;9;0.2;4;-999;-999;8;9.6;1028.5;6.5;99;7;5.8;5.6;eor;0.83;;;;;;
27.12.2024;10;4.4;2;9;0;4;-999;-999;8;8;1026.4;3.7;99;5.7;1.3;1.5;eor;1.15;;;;;;
28.12.2024;10;4.8;2.4;9;0;0;-999;-999;8;6.2;1020.8;0.2;99;1.4;-0.9;-1.2;eor;1.65;;;;;;
29.12.2024;10;11.3;4.8;9;0;0;-999;-999;7.9;6.1;1016.2;0.2;97;3.5;-2.3;-2.9;eor;0.85;;;;;;
30.12.2024;10;15.1;7.4;9;0;0;-999;-999;7.7;7.8;1013.7;4.7;92;5.6;3.4;3.1;eor;0.54;;;;;;
31.12.2024;10;13.1;6.9;9;0;4;-999;-999;7.8;7.1;1011.6;4.2;86;6;2.2;2;eor;1.5;;;;;;
01.01.2025;10;21.4;10.1;9;1.7;4;-999;-999;7.8;7.3;996.8;6.4;77;8.2;4.2;3.6;eor;0.72;;;;;;
02.01.2025;10;16.9;6.3;9;0.9;4;-999;-999;5.3;6.3;996.3;2.6;85;5.9;0.3;-2.7;eor;1.81;;;;;;
03.01.2025;10;19.3;7;9;1.3;4;-999;-999;5.5;5.1;999;0;83;2.2;-2.6;-5.2;eor;1.27;;;;;;
04.01.2025;10;10.2;4.7;9;0;4;-999;-999;7;5;1007.1;-1;88;0.7;-3.7;-9.4;eor;1.81;;;;;;
05.01.2025;10;12.8;4.8;9;8;4;-999;-999;7.5;5.2;996.5;-0.3;87;0.9;-1.5;-1.6;eor;1.53;;;;;;
06.01.2025;10;18.4;5.9;9;0.7;4;-999;-999;6.8;8.4;980.3;6.8;84;11.6;-0.6;-0.1;eor;1.45;;;;;;
07.01.2025;10;16.9;6.6;9;0;4;-999;-999;6.5;6.3;987.2;4.8;73;7.4;1.2;-0.2;eor;2.82;;;;;;
08.01.2025;10;14.1;6.6;9;0;4;-999;-999;7.4;5.6;990.9;2.6;76;4;0.2;-1.2;eor;2.01;;;;;;
09.01.2025;10;9.2;2.8;9;7.7;4;-999;-999;7.5;5.8;990.8;0.2;93;1.4;-0.9;-2.2;eor;2.03;;;;;;
10.01.2025;10;11.9;5.2;9;0.3;4;-999;-999;7.8;6.2;1000;1;94;1.4;0.3;-0.5;eor;1.64;;;;;;
11.01.2025;10;17.2;8.3;9;0;4;-999;-999;7.8;5.1;1006.4;0.9;78;1.9;-0.2;-1.6;eor;1.61;;;;;;
12.01.2025;10;10.4;4.1;9;0;0;-999;-999;6.7;4.8;1023.7;-0.3;81;1.5;-3.3;-6.6;eor;3.18;;;;;;
13.01.2025;10;10;4.2;9;0;0;-999;-999;5.2;4.5;1031.6;-1.9;84;0.3;-4.2;-7.6;eor;3.22;;;;;;
14.01.2025;10;11.7;6.1;9;3.6;4;-999;-999;7.9;5.5;1019.9;0.1;87;3.4;-3.1;-4.5;eor;1.04;;;;;;
15.01.2025;10;8.4;3.9;9;0;0;-999;-999;8;7.9;1020.6;4;97;5.3;1.7;1.7;eor;1.22;;;;;;
16.01.2025;10;9.9;5.1;9;0;4;-999;-999;8;7.1;1027;2.4;98;3.5;1.4;1.4;eor;1.47;;;;;;
17.01.2025;10;8.6;4.4;9;0;0;-999;-999;6.5;6.2;1027.8;0.7;96;4.2;-1.7;-1.5;eor;3.51;;;;;;
18.01.2025;10;5.7;2.2;9;0;0;-999;-999;8;5.1;1025;-2.2;99;-1.6;-3;-2.7;eor;1.18;;;;;;
19.01.2025;10;6.2;2.6;9;0;0;-999;-999;3;5.1;1017.9;-1.4;92;4.2;-5.7;-7.1;eor;4.73;;;;;;
20.01.2025;10;7.8;3.3;9;0;0;-999;-999;4.3;5.7;1010.3;0.9;87;5;-2.4;-3.6;eor;4.13;;;;;;
21.01.2025;10;8.2;3.2;9;0;0;-999;-999;8;5.2;1009;-1.4;94;0.4;-2.3;-2.1;eor;1.53;;;;;;
22.01.2025;10;9.3;3.5;9;0;4;-999;-999;7.9;5.2;1002.9;-0.7;90;2.6;-2.8;-2.7;eor;2.96;;;;;;
23.01.2025;10;11.4;5.6;9;2;4;-999;-999;7.4;6.4;993.7;2.4;88;4.1;0.2;-0.7;eor;0.77;;;;;;
24.01.2025;10;12.2;4.6;9;0.8;4;-999;-999;7.5;7.2;997.5;5;82;7.1;2.3;0.4;eor;3.31;;;;;;
25.01.2025;10;15.1;4.3;9;11.1;4;-999;-999;7.8;8.9;996.6;7;89;12.2;2.8;0;eor;1.76;;;;;;
26.01.2025;10;10.6;3.2;9;1.9;4;-999;-999;7.5;7.4;997.5;3;97;3.9;1.4;-0.2;eor;0.71;;;;;;
27.01.2025;10;12.1;4.1;9;0.4;4;-999;-999;7.8;8.5;988.8;6.6;86;10.4;1.1;0.1;eor;1.93;;;;;;
28.01.2025;10;6.8;2.6;9;0;4;-999;-999;7.5;8.7;989.1;6.6;89;7.6;4.9;2.1;eor;2.06;;;;;;
29.01.2025;10;14.2;4.6;9;0.9;4;-999;-999;7.1;8.1;992.5;5.8;88;7.5;3.5;1.7;eor;1.94;;;;;;
30.01.2025;10;8.4;3.4;9;5.2;4;-999;-999;7.5;7.9;1004.8;5.3;88;7;3.8;2.3;eor;2.39;;;;;;
31.01.2025;10;10.3;4.9;9;5.3;4;-999;-999;7.3;7.2;1014.3;3.1;94;4;0.5;-0.3;eor;2.01;;;;;;
01.02.2025;10;6.4;3.2;9;0.6;4;-999;-999;7.8;6.7;1022.3;3.2;87;5.8;2;1.1;eor;3.07;;;;;;
02.02.2025;10;5.8;2.2;9;0;0;-999;-999;7.8;6.5;1018.7;2;93;3.4;-1.3;-3.6;eor;2.19;;;;;;
03.02.2025;10;6.7;2;9;0;0;-999;-999;3.5;5.3;1019.5;0.7;83;4.7;-3.9;-6.5;eor;5.91;;;;;;
04.02.2025;10;6.6;2.6;9;0;0;-999;-999;2.8;5.3;1019.3;0.6;83;4.9;-3.8;-6.2;eor;6.4;;;;;;
05.02.2025;10;7.8;3.7;9;0;0;-999;-999;5.7;6.4;1025;1.7;92;4.4;-1.8;-3.4;eor;2.18;;;;;;
06.02.2025;10;8.5;3.5;9;0;4;-999;-999;8;7.2;1033.3;3.1;93;4.1;1.8;1.4;eor;1.82;;;;;;
07.02.2025;10;12.9;4.9;9;0.3;4;-999;-999;6.7;6.1;1029.4;1.9;87;3.4;-0.4;-1.5;eor;2.81;;;;;;
08.02.2025;10;10.9;5.5;9;0;0;-999;-999;6.3;4.6;1022.6;-0.6;79;1.4;-4;-6;eor;3.31;;;;;;
09.02.2025;10;6.8;3.8;9;0;0;-999;-999;4.8;4.9;1024;-1;86;2.4;-5.6;-7.2;eor;5.94;;;;;;
10.02.2025;10;9.6;5.6;9;0;0;-999;-999;5.7;4.9;1024.8;0;79;2.7;-3.2;-4.6;eor;4.12;;;;;;
11.02.2025;10;12.7;6.5;9;0;0;-999;-999;-999;3.7;1022.5;-2;71;2.6;-5.2;-6.6;eor;5.44;;;;;;
12.02.2025;10;10;4.9;9;0;4;-999;-999;3.7;3.5;1015.6;-5.3;85;-2.8;-7.5;-9.5;eor;3.63;;;;;;
13.02.2025;10;10.7;3.7;9;1.4;4;-999;-999;7.5;4.9;1009.9;-1.7;90;1.2;-6.3;-7.7;eor;0.93;;;;;;
14.02.2025;10;8.8;3.4;9;0;4;-999;-999;7.9;5;1016.7;-0.1;83;1.2;-2;-3.3;eor;3.7;;;;;;
15.02.2025;10;7;2.2;9;0.2;4;-999;-999;7.8;4.2;1016.1;-1.1;75;0.9;-2.8;-3.9;eor;4.5;;;;;;
16.02.2025;10;10.2;3.3;9;0.1;4;-999;-999;4.3;4;1017;-3.2;83;0.5;-8.2;-12.3;eor;5.34;;;;;;
17.02.2025;10;5.9;1.9;9;0;0;-999;-999;0;2.9;1018.8;-5.3;72;-0.8;-9.8;-14.3;eor;9.45;;;;;;
18.02.2025;10;6.7;3.1;9;0;0;-999;-999;2;3.7;1021.2;-3.3;76;1.9;-7.6;-10.6;eor;7.46;;;;;;
19.02.2025;10;5.7;2.3;9;0;0;-999;-999;0.4;4.2;1023.3;-2.8;86;3.8;-7.5;-11.7;eor;8.72;;;;;;
20.02.2025;10;13.4;4.7;9;0;0;-999;-999;4.2;3.6;1019.3;-1.4;67;3.1;-6;-8.1;eor;9.53;;;;;;
21.02.2025;10;10.7;3.5;9;0;0;-999;-999;7.5;6.4;1015.4;4;76;8.9;0.4;-0.3;eor;4.17;;;;;;
22.02.2025;10;10;4.1;9;0;0;-999;-999;6.3;6;1011;6.2;64;11.7;2.1;0.1;eor;8.13;;;;;;
23.02.2025;10;9.9;3.8;9;0;0;-999;-999;4.8;8;1016.6;6.9;80;11.6;0.7;-3.5;eor;5.74;;;;;;
24.02.2025;10;9.3;3.6;9;2.4;4;-999;-999;6.9;8.2;1012.3;8.9;73;14.7;2.2;-2.3;eor;8.87;;;;;;
25.02.2025;10;9.6;2.8;9;0;4;-999;-999;7.1;9.9;1005.8;8.9;87;11.7;6.1;3;eor;5.52;;;;;;
26.02.2025;10;5.7;1.8;9;0.4;4;-999;-999;7.8;8.9;1005.5;5.8;97;7.3;3.3;1.9;eor;2.38;;;;;;
27.02.2025;10;6.4;1.8;9;1.4;4;-999;-999;7.8;8.1;1007.8;5.2;92;9.7;3.2;2.2;eor;4.81;;;;;;
28.02.2025;10;9.3;3.3;9;1.6;4;-999;-999;7.8;7.7;1012.9;3.7;96;5;2.6;1.4;eor;2.71;;;;;;
01.03.2025;10;8.5;4.2;9;0;0;-999;-999;6.4;6.6;1021.3;2.5;91;4.7;0.8;-1.5;eor;5.28;;;;;;
02.03.2025;10;10;5.2;9;0;0;-999;-999;7.7;6.9;1022.3;3.4;89;6.5;0.8;-0.3;eor;3.9;;;;;;
03.03.2025;10;13.2;5.8;9;0;0;-999;-999;7;6.6;1018.2;5.5;74;9.3;2.1;0.2;eor;7.53;;;;;;
04.03.2025;10;11.8;4.9;9;0;0;-999;-999;5.9;6.8;1015.3;6;73;11.5;1.3;-0.5;eor;12.02;;;;;;
05.03.2025;10;13.2;5.9;9;0;0;-999;-999;5.5;5.9;1012.4;8.7;55;15;2.9;1;eor;12.08;;;;;;
06.03.2025;10;9.4;3.6;9;0;0;-999;-999;0.4;5.9;1010.8;9.8;49;15.9;4.7;-1.9;eor;12.72;;;;;;
07.03.2025;10;8;2.7;9;0;0;-999;-999;3.5;6.3;1010.8;10.1;53;17.7;1.1;-2.7;eor;12.38;;;;;;
08.03.2025;10;7;2.5;9;0;0;-999;-999;2.9;6.6;1009.2;8.9;60;17.2;1.7;-3.6;eor;12.62;;;;;;
09.03.2025;10;7.3;3.2;9;0;0;-999;-999;2.5;7.2;1000.1;7.7;70;15.4;1.7;-2.5;eor;12.19;;;;;;
10.03.2025;10;7;2.6;9;0;0;-999;-999;1.9;7.6;992.3;5.6;85;14.3;-1.4;-4.6;eor;12.34;;;;;;
11.03.2025;10;4.8;1.7;9;0.2;4;-999;-999;8;7.3;992.2;3.2;96;4.3;2.2;2.4;eor;3.07;;;;;;
12.03.2025;10;7.9;2.7;9;0;4;-999;-999;7.9;7;990.7;4.6;83;7.5;2.1;0;eor;6.62;;;;;;
13.03.2025;10;5.5;1.8;9;0;0;-999;-999;6.9;6;989.7;3.7;77;8.2;-0.6;-4.8;eor;9.34;;;;;;
14.03.2025;10;6.4;2.7;9;0;4;-999;-999;7.7;6.2;998.9;3.5;79;6.7;0.3;-1.9;eor;6.47;;;;;;
15.03.2025;10;6;2.5;9;0;0;-999;-999;3.7;6.1;1011.4;2.5;85;7.8;-2.1;-5.5;eor;8.85;;;;;;
16.03.2025;10;14.8;4.3;9;0.1;4;-999;-999;6.6;6.2;1011;2.4;86;8.1;-3.6;-3.5;eor;9.94;;;;;;
17.03.2025;10;9.3;3.7;9;0;0;-999;-999;1.2;3.9;1021.4;1.3;60;5.4;-3;-8.7;eor;15.89;;;;;;
18.03.2025;10;10.1;3.9;9;0;0;-999;-999;0.8;3.4;1022.1;2.3;49;8.8;-3.3;-9.1;eor;16.38;;;;;;
19.03.2025;10;6.8;2.5;9;0;0;-999;-999;0;3.5;1018.9;5.4;41;12.6;-2.7;-7.6;eor;16.53;;;;;;
20.03.2025;10;7.4;2.5;9;0;0;-999;-999;1.7;5.1;1014.6;9.4;44;16.7;-1.1;-5.9;eor;16.14;;;;;;
21.03.2025;10;9.6;3.2;9;0;0;-999;-999;0.2;6.3;1013.2;8.9;58;18;1.4;-3.1;eor;15.74;;;;;;
22.03.2025;10;14.1;7.6;9;0;0;-999;-999;0;6.2;1008.9;6.4;67;14.1;0.2;-1.5;eor;16.53;;;;;;
23.03.2025;10;-999;-999;9;0;4;-999;-999;6.3;7;1001.5;10;57;15.3;5.4;3.8;eor;13.7;;;;;;
24.03.2025;10;4.3;1.9;9;0;4;-999;-999;7.7;8.3;1004.1;9.8;69;14.1;3.8;0.4;eor;9.44;;;;;;
25.03.2025;10;9.2;3.8;9;0.3;4;-999;-999;6.7;8;1007.9;6.2;85;9.2;2.9;-1.8;eor;9.19;;;;;;
26.03.2025;10;10.3;4.6;9;0;4;-999;-999;6.4;8.6;1009.9;7.3;84;11.7;2.6;-2.8;eor;8.88;;;;;;
27.03.2025;10;7.7;3.1;9;0;0;-999;-999;6.3;7.9;1012;6.6;82;13;1.7;-3.4;eor;13.56;;;;;;
28.03.2025;10;10.2;3.1;9;0;0;-999;-999;1.8;7.5;1005.3;8.2;71;15.6;1.3;-0.7;eor;18.31;;;;;;
29.03.2025;10;10.9;4;9;0;0;-999;-999;5.3;7.5;1005.2;6.6;76;11.7;-0.6;-4.2;eor;12.79;;;;;;
30.03.2025;10;12.3;4.3;9;9.9;4;-999;-999;7.1;8.1;1000.3;5.8;86;8.9;2.7;-1.8;eor;4.09;;;;;;
31.03.2025;10;9.6;4.2;9;0;4;-999;-999;6.7;8.2;1011.8;5.9;88;8.6;1.7;-2;eor;4.54;;;;;;
01.04.2025;10;9.2;3.3;9;0;0;-999;-999;1.7;7.4;1020.8;6.4;79;13.3;-0.5;-3.6;eor;18.69;;;;;;
02.04.2025;10;11;5.3;9;0;0;-999;-999;4.5;7.2;1021.3;6.8;76;13.6;2.7;-1.8;eor;17.84;;;;;;
03.04.2025;10;6.9;2.7;9;0;0;-999;-999;3.3;8.1;1019.7;9.1;72;17.5;1.2;-2.2;eor;19.19;;;;;;
04.04.2025;10;8.3;2.9;9;0;0;-999;-999;2.7;8.7;1012.7;10.6;70;19.2;2.5;-1.2;eor;19.38;;;;;;
05.04.2025;10;13.6;5.1;9;0;4;-999;-999;4.3;5.7;1013.1;4.1;71;9.3;-1.4;-6.2;eor;17.32;;;;;;
06.04.2025;10;12.2;4.6;9;0;0;-999;-999;5;4.5;1018.1;4;58;8.1;-1.2;-6.3;eor;19.13;;;;;;
07.04.2025;10;12.9;5.1;9;0;0;-999;-999;5.7;6.6;1016.2;7.1;67;11.8;1.7;-1.1;eor;16.87;;;;;;
08.04.2025;10;7.3;2.3;9;0;0;-999;-999;6.3;6.8;1018.6;8;65;12.8;4;1.5;eor;18.02;;;;;;
09.04.2025;10;10.9;4.5;9;0;0;-999;-999;5.4;7.4;1013.2;8.2;68;13.7;4.3;-0.6;eor;16.07;;;;;;
10.04.2025;10;13.2;5.4;9;0;0;-999;-999;7;8;1013;8.7;73;14.1;1.5;-1.8;eor;19.31;;;;;;
11.04.2025;10;15.4;7.1;9;0;4;-999;-999;7.7;9.3;1006.2;8.8;81;12.3;6.6;3.6;eor;5.63;;;;;;
12.04.2025;10;7.2;3.3;9;0;0;-999;-999;5.9;10;1005;11.3;76;17.6;5.8;3.2;eor;18.84;;;;;;
13.04.2025;10;14.6;4.2;9;0;4;-999;-999;5.7;10.5;997.1;14;68;22.6;4.9;1.6;eor;16.26;;;;;;
14.04.2025;10;11.2;3;9;0;4;-999;-999;3.9;10.6;1001.6;13.3;72;19.6;6.7;3.4;eor;18.61;;;;;;
15.04.2025;10;14.7;6;9;0;0;-999;-999;5.8;12.3;997.1;16.5;67;23.7;7.1;3.2;eor;17.62;;;;;;
16.04.2025;10;10.1;3.2;9;0;0;-999;-999;6;14.2;999.6;17;74;23.5;11.6;9;eor;20.71;;;;;;
17.04.2025;10;8.6;3.7;9;0;4;-999;-999;4.8;13.7;998.4;17.4;72;25.9;9.6;7.1;eor;19.28;;;;;;
18.04.2025;10;7.5;3.4;9;7.9;4;-999;-999;7.8;11.6;1000.1;10.3;93;12.5;8.3;7.9;eor;3.79;;;;;;
19.04.2025;10;6.7;2.9;9;0;4;-999;-999;7.8;10.1;1000.2;9.3;87;10.9;8;7.6;eor;5.83;;;;;;
20.04.2025;10;9;2.8;9;0;0;-999;-999;3.3;9.6;998.8;11.8;72;17.9;6.2;3.3;eor;23.17;;;;;;
21.04.2025;10;-999;-999;9;0;4;-999;-999;6.3;11.6;1001.9;11.8;85;19.3;6;3.2;eor;11.65;;;;;;
22.04.2025;10;11.1;2.2;9;4.4;4;-999;-999;6.6;12;1007.6;11.6;88;17.3;5.8;2.7;eor;11.72;;;;;;
23.04.2025;10;7.2;2.4;9;0;4;-999;-999;6;10.9;1009.2;11.5;82;17.2;6.2;2.9;eor;17.47;;;;;;
24.04.2025;10;8.8;4;9;0;0;-999;-999;7.8;10.2;1009.3;9.8;85;15.3;5.3;2.8;eor;15.52;;;;;;
25.04.2025;10;10.9;4.9;9;0;0;-999;-999;3;7.9;1013.4;8.7;72;14;2.6;-0.2;eor;24.16;;;;;;
26.04.2025;10;11.4;4;9;0;0;-999;-999;3.1;6.6;1018.7;7.6;66;14.8;0.7;-2.2;eor;24.98;;;;;;
27.04.2025;10;10;3.6;9;0;0;-999;-999;3.3;6;1020.4;9;55;16;0.1;-3.5;eor;25.74;;;;;;
28.04.2025;10;6.8;2.2;9;0;0;-999;-999;4.5;7.2;1018.1;13.1;50;19.7;4.1;-0.2;eor;25.18;;;;;;
29.04.2025;10;10.7;4.2;9;0;0;-999;-999;7.1;10.9;1016.2;13.8;69;19.4;7.5;2.6;eor;23.18;;;;;;
30.04.2025;10;9.1;3.4;9;0;0;-999;-999;7.2;11.9;1015;14.4;74;20.5;7.5;3.6;eor;23.64;;;;;;
01.05.2025;10;7.7;2.3;9;0;0;-999;-999;5.6;11.5;1012.2;16.6;64;23.5;7.5;3.4;eor;24.84;;;;;;
02.05.2025;10;10.6;4.1;9;0.1;4;-999;-999;7.5;11.7;1004.2;17.2;60;25.3;9.6;8.3;eor;16.02;;;;;;
03.05.2025;10;8.8;3.3;9;0.8;4;-999;-999;5;9.1;999.9;11.6;68;17;5.5;2.1;eor;22.99;;;;;;
04.05.2025;10;-999;5.2;9;3.8;4;-999;-999;5.8;9.1;999.7;8;85;13;1.4;-0.9;eor;14.56;;;;;;
05.05.2025;10;12.5;2.8;9;0;0;-999;-999;3;5.9;1010.2;6.7;64;11.9;0.2;-3.6;eor;23.77;;;;;;
06.05.2025;10;10.6;3.2;9;0;4;-999;-999;4.4;8;1009.3;8.6;72;14;-0.5;-4.2;eor;17.45;;;;;;
07.05.2025;10;9.5;3.3;9;0;0;-999;-999;5.3;7;1013.1;8.9;65;15.6;2.9;-0.1;eor;23.99;;;;;;
08.05.2025;10;9.7;2.4;9;0;4;-999;-999;4.4;7;1011.8;9.5;61;16.1;0.8;-2.6;eor;19.25;;;;;;
09.05.2025;10;9.6;2.9;9;0;0;-999;-999;4.8;7.7;1012.2;11.7;59;19.5;0.8;-2.5;eor;25.7;;;;;;
10.05.2025;10;8.8;3.7;9;0;4;-999;-999;7.6;10.4;1012.8;10.3;83;16.9;2.5;-0.5;eor;13.9;;;;;;
11.05.2025;10;9.6;4;9;0;0;-999;-999;3.6;7.1;1012.5;8.5;67;16.3;1;-1.1;eor;24.94;;;;;;
12.05.2025;10;12;4.4;9;0;0;-999;-999;2.1;7.1;1011.9;8.3;68;16;0.3;-2.5;eor;27.93;;;;;;
13.05.2025;10;7.4;2.2;9;0;0;-999;-999;5;8.5;1011.9;12.5;61;20;1.3;-3;eor;26.76;;;;;;
14.05.2025;10;12;5.5;9;0;4;-999;-999;6.7;10.3;1004.8;13.7;67;19.9;8;5.2;eor;24.9;;;;;;
15.05.2025;10;14.4;5.1;9;0.1;4;-999;-999;5.6;8.3;1007.1;9.9;69;14.1;3;-0.5;eor;17.37;;;;;;
16.05.2025;10;13.2;5.1;9;0;4;-999;-999;5.5;8.7;1006.9;11.8;65;16.6;6.6;4.1;eor;19.37;;;;;;
17.05.2025;10;12.4;5;9;0.1;4;-999;-999;4.9;9.3;1003.9;10.3;75;16.3;5.4;3.1;eor;14.51;;;;;;
18.05.2025;10;12.8;5.4;9;4.8;4;-999;-999;7.8;10.2;1004;10.2;83;15.1;5.6;4.8;eor;13.36;;;;;;
19.05.2025;10;11.3;3.8;9;0.7;4;-999;-999;6.1;12;1008.8;11.7;88;16.3;9;4.5;eor;9.25;;;;;;
20.05.2025;10;10.5;3.5;9;0;0;-999;-999;0.5;10.4;1006.7;16.2;61;23.6;6.8;3.9;eor;28.35;;;;;;
21.05.2025;10;14.1;6.2;9;0;0;-999;-999;1.9;9.6;1000;13.5;63;19.5;8.1;5;eor;25.01;;;;;;
22.05.2025;10;19.9;7.6;9;1.5;4;-999;-999;6.4;7.8;999.2;8.7;72;15.7;3.6;1.8;eor;21.2;;;;;;
23.05.2025;10;15.1;4.1;9;1;4;-999;-999;4;7.4;1003.4;9.1;66;14.9;3.3;1.4;eor;23.17;;;;;;
24.05.2025;10;10.2;4;9;0;4;-999;-999;6.2;8.2;1005.5;12.5;58;17.7;7.8;6.8;eor;22.07;;;;;;
25.05.2025;10;10.2;3.8;9;5.7;4;-999;-999;7.5;12.8;1001.2;13.3;83;16.3;11.4;9.4;eor;8.82;;;;;;
26.05.2025;10;15.5;3.8;9;0;4;-999;-999;6.5;11.8;1005.7;14.1;76;20.1;11;9;eor;21.26;;;;;;
27.05.2025;10;12.7;4.4;9;1.4;4;-999;-999;6.8;11.7;1006.9;15.8;66;20.4;10.1;8.1;eor;17.47;;;;;;
28.05.2025;10;11.5;5.1;9;0.7;4;-999;-999;7.4;14.5;1001.7;14.6;87;19.5;8.9;7.4;eor;12.75;;;;;;
29.05.2025;10;11.2;4.4;9;2.6;4;-999;-999;5.6;10.9;1009.9;14;70;19;8.2;6.5;eor;22.65;;;;;;
30.05.2025;10;11.5;4.7;9;0;0;-999;-999;6.3;16.1;1008;17.4;82;23.1;12.5;10.2;eor;12.16;;;;;;
31.05.2025;10;7.7;3.3;9;0;0;-999;-999;5.9;14.3;1009.5;17.3;74;23;12.5;10.2;eor;23.11;;;;;;
01.06.2025;10;15.3;3.4;9;6.4;4;-999;-999;7.2;16.5;1004.1;18.1;80;26;11.9;9.3;eor;16.32;;;;;;
02.06.2025;10;10.2;3.8;9;0.2;4;-999;-999;5.8;12.4;1005.6;15.7;71;20.9;10.9;8.7;eor;21.65;;;;;;
03.06.2025;10;10.9;3.2;9;0;0;-999;-999;3.8;11.4;1005;17.5;60;22.7;11.5;8.1;eor;27.85;;;;;;
04.06.2025;10;11.3;3.7;9;7.6;4;-999;-999;4.2;15.2;999.7;18.2;74;25.8;13.1;11.4;eor;17.55;;;;;;
05.06.2025;10;11.3;2.4;9;1.4;4;-999;-999;6.9;14.4;1001.4;15.3;83;20.7;11.8;10.7;eor;14.01;;;;;;
06.06.2025;10;17.9;4.7;9;5.1;4;-999;-999;6.8;13.8;998.8;15.7;78;21;12.3;10.8;eor;13.74;;;;;;
07.06.2025;10;11.1;3.7;9;1.2;4;-999;-999;6.9;13.5;999.7;16;74;21.5;12.4;10.5;eor;15.98;;;;;;
08.06.2025;10;16.1;5.3;9;4.6;4;-999;-999;7;13.3;998.5;13.2;88;17.8;10.7;9.9;eor;10.96;;;;;;
09.06.2025;10;13.1;5.9;9;0;4;-999;-999;5.8;10.3;1010.3;13.5;68;18;9.6;8.3;eor;21.9;;;;;;
10.06.2025;10;13.1;3.8;9;2.9;4;-999;-999;7.8;13;1005.2;14;81;17;11.7;10.4;eor;8.98;;;;;;
11.06.2025;10;14.2;6.9;9;0;4;-999;-999;5.5;11.8;1010.1;14.4;74;19.1;9;5.4;eor;25.83;;;;;;
12.06.2025;10;10.9;4.1;9;0;0;-999;-999;1.4;10.1;1016.4;14.3;65;21.2;7.6;3.6;eor;29.64;;;;;;
13.06.2025;10;10.3;4.9;9;0;0;-999;-999;1.8;10.1;1019.3;14.8;62;22.6;5.2;2.3;eor;30.64;;;;;;
14.06.2025;10;12.8;4.6;9;0;0;-999;-999;0.7;13.6;1014.5;19.4;63;27;10.2;6.8;eor;29.85;;;;;;
15.06.2025;10;12.2;4.1;9;0.2;4;-999;-999;4.5;14.9;1009.1;21.2;62;30.4;15;12.1;eor;26.42;;;;;;
16.06.2025;10;12.7;6;9;0;0;-999;-999;5.8;14.2;1013.9;17.1;74;21.4;12.6;9.4;eor;18.75;;;;;;
17.06.2025;10;9.5;3.5;9;0;0;-999;-999;4;14.7;1015.4;19.3;68;25.3;12.1;9.8;eor;26.86;;;;;;
18.06.2025;10;11.6;4.3;9;0;4;-999;-999;3.6;14.8;1012.2;19.1;68;23.7;14.5;10.4;eor;22.31;;;;;;
19.06.2025;10;13.9;6.3;9;0;0;-999;-999;3.4;11.3;1014.3;15.4;66;20.7;9.4;6.3;eor;25.27;;;;;;
20.06.2025;10;8.9;3.1;9;0;0;-999;-999;1;11.1;1017.2;15.9;64;22.2;9.1;5.3;eor;29.84;;;;;;
21.06.2025;10;9.6;3.1;9;0;0;-999;-999;1.3;12.3;1014.1;20.3;56;28;9.6;5.3;eor;29.33;;;;;;
22.06.2025;10;9.8;2.5;9;1.1;4;-999;-999;2;12.9;1007.2;25.5;44;32.8;13.8;10.6;eor;27.62;;;;;;
23.06.2025;10;21.6;6.8;9;0.4;4;-999;-999;5.9;14.5;998.3;19.1;66;25.9;13.4;11.9;eor;18.54;;;;;;
24.06.2025;10;16.5;7.4;9;0.1;4;-999;-999;7.6;12.4;999.9;16.8;65;19.9;12.9;11.5;eor;11.87;;;;;;
25.06.2025;10;15.6;6.6;9;6.1;4;-999;-999;5.8;15.3;1001.1;18.5;72;23.6;12.9;9.2;eor;16.99;;;;;;
26.06.2025;10;13.6;3.1;9;2.4;4;-999;-999;3.5;16.5;1003.6;19.9;72;28.4;10.5;7.6;eor;19.72;;;;;;
27.06.2025;10;16.5;6.4;9;1.8;4;-999;-999;6.1;15.3;1008.8;17.4;77;20.7;13.2;10.9;eor;15.53;;;;;;
28.06.2025;10;12.1;5.3;9;0;4;-999;-999;5.8;17.6;1012.1;20.8;73;28.1;13.8;11.8;eor;20.92;;;;;;
29.06.2025;10;15.1;6.4;9;2.7;4;-999;-999;3.9;16.6;1011.7;20;72;26.1;11.9;9.7;eor;20.64;;;;;;
30.06.2025;10;9.3;3.7;9;0;0;-999;-999;2.2;12.1;1013.5;17.2;65;23.6;9.8;6.9;eor;30.49;;;;;;
01.07.2025;10;6.9;2.4;9;0;0;-999;-999;0;12.9;1011;21.5;55;30.3;9.9;6.4;eor;30.4;;;;;;
02.07.2025;10;16.2;3;9;0.3;4;-999;-999;0;12.8;1006.5;27.8;38;36.2;18;13.5;eor;30.04;;;;;;
03.07.2025;10;15.1;6.5;9;0;4;-999;-999;3.8;14.1;1011.8;18.9;65;22.6;12.1;7.5;eor;21.26;;;;;;
04.07.2025;10;11.3;3.6;9;0;0;-999;-999;5.5;11.2;1016.1;17.6;58;22.9;11.4;7;eor;21.66;;;;;;
05.07.2025;10;11.7;3.7;9;2;4;-999;-999;5.5;11.3;1006.2;20.2;49;25.1;14.7;12.2;eor;15.82;;;;;;
06.07.2025;10;9.4;3.5;9;1;4;-999;-999;7.1;15;998.5;19.6;66;24.8;14.8;13.4;eor;16.36;;;;;;
07.07.2025;10;7.8;3.6;9;2.7;4;-999;-999;7.2;14.6;993.5;18;72;23.6;14.5;14.2;eor;15.67;;;;;;
08.07.2025;10;10.5;4.7;9;0;4;-999;-999;6.3;13.4;999.5;16.7;72;21.2;13.1;12.8;eor;18.94;;;;;;
09.07.2025;10;12.8;5.1;9;0;4;-999;-999;6.8;15.4;1006.7;17.3;79;21.2;13.8;12.6;eor;14.42;;;;;;
10.07.2025;10;11.2;4.1;9;1.8;4;-999;-999;4.9;14.8;1010.2;17.7;73;23.6;12;9;eor;16;;;;;;
11.07.2025;10;13.9;5.9;9;10;4;-999;-999;6.6;14.7;1006;16.6;79;22.7;11.2;8.5;eor;13.21;;;;;;
12.07.2025;10;-999;-999;9;13.4;4;-999;-999;7.4;17.6;1000.5;16.1;96;18.8;14.5;14.2;eor;5.58;;;;;;
13.07.2025;10;-999;-999;9;2;4;-999;-999;7.5;18.4;1001.5;17.5;92;20.8;15.5;14.9;eor;12.39;;;;;;
14.07.2025;10;10;2.9;9;0.1;4;-999;-999;5;18.4;1004;20.2;80;26.3;15.5;13.7;eor;20.76;;;;;;
15.07.2025;10;10.2;2.6;9;3.4;4;-999;-999;5.8;17.2;1005.9;17.4;87;22.3;13;9.5;eor;10.73;;;;;;
16.07.2025;10;9.1;3.3;9;0;4;-999;-999;2.8;13.2;1003.2;17.5;68;23.6;11.1;8.8;eor;22.49;;;;;;
17.07.2025;10;10;4.4;9;1.2;4;-999;-999;7;17.1;1002.6;16.8;89;21.8;13.4;11.1;eor;8.35;;;;;;
18.07.2025;10;6.5;2.3;9;0;4;-999;-999;4.5;17.6;1005;19.6;79;25.7;15.1;12.6;eor;19.44;;;;;;
19.07.2025;10;8.6;2.7;9;0;0;-999;-999;2.2;17.5;1003.6;21.1;74;27.6;14.8;12.8;eor;26.45;;;;;;
20.07.2025;10;-999;-999;9;0.3;4;-999;-999;3.4;19.8;999.6;22.1;76;29.5;15.3;13.7;eor;22.5;;;;;;
21.07.2025;10;15.2;4.3;9;58.5;4;-999;-999;7.3;19.6;997.1;19.4;87;22.8;14.5;14.3;eor;5.64;;;;;;
22.07.2025;10;11.2;4.8;9;8.9;4;-999;-999;6.8;17.4;996.4;17.2;89;21.4;14.8;14.5;eor;10.59;;;;;;
23.07.2025;10;11.4;5.3;9;18.6;4;-999;-999;7.4;18.5;997.3;17.2;94;19.3;15.8;15.3;eor;3.57;;;;;;
24.07.2025;10;7.4;3.1;9;0;4;-999;-999;6.5;18.9;1002.9;19.8;83;24.2;16.5;15.7;eor;17.81;;;;;;
25.07.2025;10;10.1;4;9;3.3;4;-999;-999;6.5;19.8;1004.9;20.5;82;25.6;17.9;16.7;eor;14.58;;;;;;
26.07.2025;10;6.2;2.8;9;0;4;-999;-999;6.5;16.7;1006.4;18.4;79;21.2;14.4;11.3;eor;9.39;;;;;;
27.07.2025;10;9.4;2.2;9;1.4;4;-999;-999;7;17.1;1002.5;19.1;79;24.7;14.6;11.8;eor;15.45;;;;;;
28.07.2025;10;13;4.8;9;0;4;-999;-999;5.2;16.2;1001.6;18.6;77;23;14.9;13.1;eor;18.62;;;;;;
29.07.2025;10;12;5.5;9;0;0;-999;-999;3.5;13.8;1003.5;16.9;72;20.8;13.6;11.6;eor;20.34;;;;;;
30.07.2025;10;10.3;4.1;9;0;4;-999;-999;4.8;13.6;1004.3;17;71;21;13;11.5;eor;21.64;;;;;;
31.07.2025;10;9.9;4.4;9;1.1;4;-999;-999;7.5;15.3;1001.9;16.2;83;19.6;14.5;13.6;eor;10.87;;;;;;
01.08.2025;3;10.4;3.5;9;1.3;4;-999;-999;5.6;16;999.2;17.3;82;21.9;14;12;eor;15.79;;;;;;
02.08.2025;3;9.3;3.5;9;0;4;-999;-999;4.3;15.5;1001.1;17.7;78;21.9;14.1;11.2;eor;19.69;;;;;;
03.08.2025;3;9.7;3.9;9;3.7;4;-999;-999;6.8;16;1005.5;16.1;87;19;14.1;12.8;eor;11.22;;;;;;
04.08.2025;3;11.4;3.7;9;4.3;4;-999;-999;6.8;16.2;1005.2;17.9;80;22.7;14.5;14;eor;12.06;;;;;;
05.08.2025;3;16.1;4.8;9;1.5;4;-999;-999;5.7;14.9;1005.4;17.1;77;21.6;11.5;9.8;eor;12.89;;;;;;
06.08.2025;3;16.5;4.9;9;0.1;4;-999;-999;4.9;13.2;1011.9;15.8;74;21;11.1;9.5;eor;17.83;;;;;;
07.08.2025;3;8.7;2.8;9;0.5;4;-999;-999;7.5;13.6;1010.2;18.9;63;23.9;14.7;13;eor;17.55;;;;;;
08.08.2025;3;10.5;3.3;9;0;0;-999;-999;4.6;15.4;1008.5;20.4;66;26;15.7;12.7;eor;20.73;;;;;;
09.08.2025;3;-999;-999;9;0;0;-999;-999;-999;-999;-999;20.5;-999;26.8;14.7;10.9;eor;22.33;;;;;;
10.08.2025;3;13.8;5.3;9;0;0;-999;-999;2.5;14.1;1015.7;18.1;70;22.7;13.5;9;eor;22.07;;;;;;
11.08.2025;3;8.8;-999;9;0;0;-999;-999;-999;-999;-999;16.8;-999;24;11.9;8.6;eor;24.04;;;;;;
12.08.2025;3;-999;-999;9;0;4;-999;-999;-999;-999;-999;20.5;-999;27.5;12.3;8.8;eor;21.89;;;;;;
13.08.2025;3;-999;-999;9;0;0;-999;-999;-999;-999;-999;22;-999;29.5;14.2;12.2;eor;21.58;;;;;;
14.08.2025;3;7.3;2.3;9;0;0;-999;-999;1;17.2;1011.2;24.3;61;32.1;15.3;11.7;eor;22.47;;;;;;
15.08.2025;3;10.5;3.4;9;0;0;-999;-999;4;19.7;1010.9;24.2;66;30.7;17.6;15.3;eor;20.06;;;;;;
16.08.2025;3;11.9;5.5;9;0;0;-999;-999;4.8;14.7;1011.4;18.1;71;22;12.3;10;eor;20.89;;;;;;
17.08.2025;3;-999;-999;9;0;0;-999;-999;3.8;13.3;1010.6;16.8;72;23;11.9;7.2;eor;21.86;;;;;;
18.08.2025;3;6.4;1.3;9;0;0;-999;-999;1;13.1;1012.5;18.4;64;25;10.4;6.3;eor;21.51;;;;;;
19.08.2025;3;9.6;3.4;9;0;0;-999;-999;0;14.8;1006;20.2;65;26.7;14.3;9.8;eor;23.09;;;;;;
20.08.2025;3;10.5;3.7;9;0.5;4;-999;-999;4;14.3;1003.4;16.1;79;21;9.1;3.9;eor;14.95;;;;;;
21.08.2025;3;11;2.9;9;0;4;-999;-999;1.4;10.8;1002.6;14.8;66;21.9;7.4;3.7;eor;21.67;;;;;;
22.08.2025;3;14.5;5;9;0.5;4;-999;-999;7;11.3;1004.2;14.2;70;17.7;10.7;8;eor;11.5;;;;;;
23.08.2025;3;13.9;5.1;9;4.9;4;-999;-999;6.3;10.5;1004.9;12.3;75;17.2;9.2;5.4;eor;13.31;;;;;;
24.08.2025;3;-999;-999;9;0;4;-999;-999;4.5;11.3;1008.6;13.4;74;18.5;8.5;4.6;eor;14.77;;;;;;
25.08.2025;3;11.1;4.8;9;0;0;-999;-999;5.7;11.2;1007.7;14.4;69;19.2;10.2;6;eor;10.55;;;;;;
26.08.2025;3;-999;2.6;9;0;0;-999;-999;3.7;12.2;1004.8;15.5;71;21.6;10;6;eor;18.75;;;;;;
27.08.2025;3;10.2;2.9;9;0;4;-999;-999;7.5;13.8;1001.4;20;60;26.9;12.7;10.6;eor;16.26;;;;;;
28.08.2025;3;-999;-999;9;3.3;4;-999;-999;7.8;18.8;997.3;18.8;87;23.3;14.7;13.1;eor;6.85;;;;;;
29.08.2025;3;6.2;1.9;9;0.2;4;-999;-999;7.3;18.8;995.5;18.2;90;20.5;14.9;12.7;eor;7.99;;;;;;
30.08.2025;3;8.6;2.8;9;0;0;-999;-999;4.9;16.1;999.1;17.9;80;23.3;12.9;9.5;eor;15.96;;;;;;
31.08.2025;3;-999;2;9;0;0;-999;-999;0.7;14.3;1003.8;19.1;68;25.6;10.9;8.3;eor;20.37;;;;;;
01.09.2025;3;11.4;3.5;3;6.3;4;-999;-999;3.9;16.1;1001.4;20.5;68;26.1;14.1;11.3;eor;18.36;;;;;;
02.09.2025;3;6.1;1.9;3;9.1;4;-999;-999;7;17.8;1001.5;16.8;93;19.6;14.6;13;eor;6.26;;;;;;
03.09.2025;3;12.4;3.2;3;0;0;-999;-999;1.9;15.5;1002.4;19.3;72;24.4;13.9;12.7;eor;19.01;;;;;;
04.09.2025;3;8.7;3.1;3;0.1;4;-999;-999;6.8;16.4;1003.9;21.1;66;26;17;14.9;eor;15.95;;;;;;
05.09.2025;3;10.6;3.2;3;8.3;4;-999;-999;6.3;16.9;1008.3;17.2;86;19.8;13.5;10.7;eor;7.89;;;;;;
06.09.2025;3;7.5;2.7;3;0;4;-999;-999;4;14.6;1015.9;15.6;83;21.2;10.8;8;eor;15.23;;;;;;
07.09.2025;3;8;2.5;3;0;0;-999;-999;0.3;13.5;1014.9;15.3;80;21.6;9.1;6;eor;18.58;;;;;;
08.09.2025;3;8.5;3.3;3;0;0;-999;-999;1.8;15.3;1011;17;81;22.9;10.5;8.7;eor;16.66;;;;;;
09.09.2025;3;8.4;3.5;3;0;0;-999;-999;4.9;17.9;1007.5;19.2;82;25.1;15;12.2;eor;15.42;;;;;;
10.09.2025;3;6.1;2.2;3;7.6;4;-999;-999;7.5;17.2;1002;17.7;85;22.4;13.3;10.9;eor;9.06;;;;;;
11.09.2025;3;11.5;3.8;3;1.5;4;-999;-999;5.3;15.9;997.7;16.6;86;22;12.8;11.1;eor;14.89;;;;;;
12.09.2025;3;11.7;3.4;3;0.2;4;-999;-999;2.7;12.9;1006.1;14.7;78;19.6;11.5;9.5;eor;14.17;;;;;;
13.09.2025;3;10.9;2.9;3;5.1;4;-999;-999;5.9;12.6;1009.1;14.3;78;20.6;10.1;8.1;eor;11.76;;;;;;
14.09.2025;3;8.9;2.9;3;0.1;4;-999;-999;5.8;13.3;1004.7;14.4;82;18.4;11.1;8.8;eor;10.45;;;;;;
15.09.2025;3;15.1;4.8;3;2.2;4;-999;-999;5.4;13.1;998.9;15.8;73;21.1;11;9.4;eor;9.81;;;;;;
16.09.2025;3;19.6;7.4;3;3.2;4;-999;-999;6.8;12.6;1000.1;14.8;75;17.1;12.3;10.8;eor;7.84;;;;;;
17.09.2025;3;14.1;5.9;3;0.3;4;-999;-999;6.1;12.7;1007.5;14.5;77;17.9;11.8;10.1;eor;9.34;;;;;;
18.09.2025;3;11.7;5.4;3;0.6;4;-999;-999;7.6;17;1009;16.6;90;19.8;13.5;12.8;eor;7.16;;;;;;
19.09.2025;3;10;4.2;3;0;4;-999;-999;6.1;18.2;1013.4;18.8;84;22.8;15.9;12;eor;8.9;;;;;;
20.09.2025;3;8.1;2.9;3;0;0;-999;-999;6;16.7;1006;20.7;70;26.7;15.5;12.6;eor;14.84;;;;;;
21.09.2025;3;-999;-999;3;0.6;4;-999;-999;7;16;1002.7;18.7;74;25.2;11.6;10.6;eor;9.88;;;;;;
22.09.2025;3;-999;3.4;3;0;4;-999;-999;7.2;9.9;1010.8;11.4;74;15.2;7.9;3.7;eor;10.58;;;;;;
23.09.2025;3;7.6;3.1;3;0;4;-999;-999;2.2;9.5;1016.1;10.5;76;16.5;4.9;1.7;eor;12.89;;;;;;
24.09.2025;3;11.8;4.6;3;0;0;-999;-999;0.3;9.2;1021.2;10.6;74;16.3;4.4;0;eor;15.53;;;;;;
25.09.2025;3;14.2;6.4;3;0;0;-999;-999;2.4;8.4;1021;10.8;67;16;5.4;3.2;eor;15.03;;;;;;
26.09.2025;3;14.1;6.9;3;0;0;-999;-999;7.7;8.4;1020.3;11.7;62;16.5;6.9;5.6;eor;13.36;;;;;;
27.09.2025;3;11.4;5.3;3;0;0;-999;-999;5.7;8.2;1017.9;11.6;62;17.9;5.6;2.5;eor;13.68;;;;;;
28.09.2025;3;9.2;3.5;3;0;0;-999;-999;2.7;9.4;1017;10.4;76;17.5;3.3;1;eor;14.11;;;;;;
29.09.2025;3;7.4;3;3;0;0;-999;-999;1;10.1;1016.8;9.9;84;16.6;4.5;1.2;eor;10.72;;;;;;
30.09.2025;3;8.3;3.1;3;0;0;-999;-999;3.9;8.2;1020.1;8.4;76;13.9;1.9;0.1;eor;10.54;;;;;;
01.10.2025;3;5.9;1.7;3;0;0;-999;-999;7;9.3;1024.61;9.4;79.92;12.5;4.7;1.4;eor;5.87;;;;;;
02.10.2025;3;4.7;1.3;3;0;0;-999;-999;3.3;8.9;1022.57;9.5;77.08;15.1;4;0.4;eor;12.1;;;;;;
03.10.2025;3;9.3;2.8;3;0.1;4;-999;-999;1.5;8;1015.4;8.5;73.92;14.7;-0.5;-1.1;eor;12.97;;;;;;
04.10.2025;3;-999;-999;3;10.6;4;-999;-999;6.8;9.6;991.6;9;82.54;12.2;6.8;5.6;eor;2.02;;;;;;
05.10.2025;3;-999;-999;3;1.3;4;-999;-999;7.8;10.8;993.29;11.6;79.33;13.6;9;8.3;eor;6.09;;;;;;
06.10.2025;3;15.2;7.5;3;0;0;-999;-999;7.8;11.7;1004.44;12.2;82.29;15.1;9.4;7;eor;5.55;;;;;;
07.10.2025;3;-999;2.6;3;2.8;4;-999;-999;7.8;13.8;1013.87;12.2;96.5;14.8;7.1;4.4;eor;3.9;;;;;;
08.10.2025;3;7;3.2;3;0.1;4;-999;-999;7.9;14.8;1011.03;13.7;94.21;15.4;12.3;11.6;eor;3.76;;;;;;
09.10.2025;3;11.1;4.5;3;0.3;4;-999;-999;7;12.5;1012.34;12.6;85.38;15.2;10.5;9.5;eor;7.05;;;;;;
10.10.2025;3;12.6;6.5;3;0.5;4;-999;-999;7.7;13.1;1016.05;12.9;88.13;14.6;10.6;9.1;eor;3.44;;;;;;
11.10.2025;3;14.1;7.3;3;0;0;-999;-999;7.7;12.4;1019.04;13.4;80.63;14.7;11.9;10.7;eor;4.24;;;;;;
12.10.2025;3;11.2;5;3;0.3;4;-999;-999;7.3;12.8;1016.67;12;90.96;14.6;8.5;5.7;eor;4.42;;;;;;
13.10.2025;3;6.5;2.3;3;0.2;4;-999;-999;7.8;9.6;1017.6;9.3;83.04;13.6;4.9;2.2;eor;10.73;;;;;;
14.10.2025;3;6.6;2.5;3;1.3;4;-999;-999;7.2;12.1;1014.24;10.7;93.04;13.7;8.3;4.5;eor;3.64;;;;;;
15.10.2025;3;7.3;2.9;3;0.2;4;-999;-999;7.5;12;1015.19;11.4;89.42;14.7;8.1;4.6;eor;6.35;;;;;;
16.10.2025;3;10.3;4.3;3;0;4;-999;-999;7.5;12;1010.6;11.6;87.71;14.8;10;8.3;eor;4.74;;;;;;
17.10.2025;3;12.2;5.6;3;0;4;-999;-999;7;9.8;1010.06;9.5;82.08;12.2;5.5;3;eor;5.72;;;;;;
18.10.2025;3;10.5;3.2;3;0;0;-999;-999;0.2;6.8;1018.09;5.3;77.79;10.5;-1.3;-5.4;eor;10.28;;;;;;
19.10.2025;3;8.7;3;3;0;0;-999;-999;2.9;6.5;1012.73;4.3;79.42;10.3;-4.6;-6.3;eor;9.75;;;;;;
20.10.2025;3;11.5;4.9;3;0.2;4;-999;-999;4.5;7.6;998.78;7.4;74.33;12.2;2;0;eor;9.03;;;;;;
21.10.2025;3;10.7;4.1;3;1.7;4;-999;-999;7.4;11.3;990.08;11.8;81.42;15.9;8.6;7.2;eor;6.38;;;;;;
22.10.2025;3;6.8;2.7;3;0.3;4;-999;-999;7.9;12.4;990.78;12;88.25;14.8;9.5;7.5;eor;5.65;;;;;;
23.10.2025;3;11.5;4.3;3;0.7;4;-999;-999;7.8;13;981.13;12.1;91.25;14.4;9.8;8.6;eor;2.27;;;;;;
24.10.2025;3;14.7;6.7;3;0;4;-999;-999;7.7;9.2;985;10.7;70.96;12.5;7.5;5.8;eor;3.3;;;;;;
25.10.2025;3;11.7;5.2;3;2.7;4;-999;-999;5.9;9.1;986.34;8.8;80;11;6.2;4.3;eor;3.02;;;;;;
26.10.2025;3;-999;7.7;3;3.3;4;-999;-999;7;8.6;983.74;7.6;82;9.8;4;3.7;eor;3.3;;;;;;
27.10.2025;3;-999;5;3;1.2;4;-999;-999;6.7;8.9;983.5;7.1;88.46;8.9;5.5;4.1;eor;2.1;;;;;;
28.10.2025;3;-999;-999;3;1.1;4;-999;-999;7.4;9.6;990.47;8.3;87.04;10.2;6.8;5.6;eor;2.44;;;;;;
29.10.2025;3;-999;-999;3;1.7;4;-999;-999;6.5;10.1;996.2;10.1;81.92;13.2;7.9;6.4;eor;6.39;;;;;;
30.10.2025;3;-999;-999;3;4.4;4;-999;-999;7.5;10.2;992.54;10.2;81.88;11.9;8.7;7.1;eor;3.34;;;;;;
31.10.2025;3;7.4;-999;3;0;0;-999;-999;6.6;9.1;1006.86;8.5;82.13;12.3;5.2;1.6;eor;5.75;;;;;;
01.11.2025;1;10.2;3.5;1;2.5;4;-999;-999;6.1;10.8;1003.09;10.8;82.29;13.9;6.1;3.9;eor;5.05;;;;;;
02.11.2025;1;6.3;2.6;1;0;0;-999;-999;7.9;11.7;1002.55;10.4;92.46;12.1;6.9;5.5;eor;3.09;;;;;;
03.11.2025;1;11.6;3.9;1;0.1;4;-999;-999;7.1;9.8;1007.22;9.3;84.21;12.1;6.1;3.7;eor;4.17;;;;;;
04.11.2025;1;8.9;4;1;0;4;-999;-999;7.9;11.1;1011.73;11;84.21;14.4;9.1;7.5;eor;3.87;;;;;;
05.11.2025;1;6.7;2.9;1;0;0;-999;-999;7.8;9.9;1010.35;10.4;78.54;14.5;7;3;eor;4.13;;;;;;
06.11.2025;1;6.8;3;1;0;0;-999;-999;4.4;8.9;1006.58;8.8;78.92;14.7;3.1;0.4;eor;5.64;;;;;;
07.11.2025;1;7;2.5;1;0;0;-999;-999;0;8.5;1004.29;7;85.13;11.7;1.9;-1;eor;6.28;;;;;;
08.11.2025;1;5.4;1.6;1;0;0;-999;-999;4.3;7.9;1006.31;4.5;92.58;9.8;-1.2;-2.1;eor;5.68;;;;;;
09.11.2025;1;5.2;1.5;1;0;4;-999;-999;7.8;8.6;1007.48;6;91.67;7.5;4.7;4.4;eor;1.65;;;;;;
10.11.2025;1;8.5;2.2;1;0;4;-999;-999;7.1;10.1;1005.97;7.7;96.08;10.7;5.4;1.9;eor;1.63;;;;;;
11.11.2025;1;5.9;2.6;1;1.1;4;-999;-999;7.5;9.8;1005.03;7.3;95.63;9.1;4.9;3.4;eor;1.09;;;;;;
12.11.2025;1;8.4;3.3;1;0;0;-999;-999;7.7;9.7;1005.38;8.5;87.21;10.8;5.9;3.1;eor;3.32;;;;;;
13.11.2025;1;12.4;4.5;1;2.8;4;-999;-999;6.3;10.4;1000.38;11.2;77.79;14.7;6.6;4.4;eor;3.88;;;;;;
14.11.2025;1;11.2;3.9;1;12.7;4;-999;-999;7.7;9.5;1002.76;7.4;91.96;11.7;5.1;4.5;eor;0.81;;;;;;
15.11.2025;1;9.4;4.5;1;9.2;4;-999;-999;7.8;7.7;1008.14;5;87.46;6.2;3.9;3.4;eor;1.57;;;;;;
16.11.2025;1;6.3;2.9;1;4.2;4;-999;-999;7.6;7.9;997.93;4.2;95.46;5.2;2.1;0.7;eor;0.76;;;;;;
17.11.2025;1;14.6;4.1;1;0;4;-999;-999;3.3;6.6;997.94;3.2;86.29;6.6;-0.5;-2.6;eor;4.52;;;;;;
18.11.2025;1;10.5;5.1;1;0;4;-999;-999;6.8;6.6;1002.9;3.2;86.08;4.7;0.3;-1.7;eor;1.08;;;;;;
19.11.2025;1;9.3;3.8;1;1.1;4;-999;-999;7.5;6.5;996.91;3.3;83.25;5;2.4;1.4;eor;2.99;;;;;;
20.11.2025;1;10.4;4;1;1.5;4;-999;-999;6.9;6.2;995.25;1.6;90.25;3.1;-1;-2.6;eor;1.5;;;;;;
21.11.2025;1;8;3.8;1;0;0;-999;-999;0.8;4.8;1011.42;-0.8;83.5;2.8;-3.1;-6.7;eor;4.99;;;;;;
22.11.2025;1;7.1;3.2;1;0;0;-999;-999;2;5;1015.92;-0.8;87.46;2;-4.2;-7.3;eor;4.48;;;;;;
23.11.2025;1;-999;-999;1;0.4;4;-999;-999;4.4;4.2;1005.22;-2.3;81.08;0.7;-4.7;-6;eor;4.43;;;;;;
24.11.2025;1;-999;3.1;1;0.4;4;-999;-999;7.9;5.2;990.22;-0.6;87.17;1.9;-4.1;-4.5;eor;1.05;;;;;;
25.11.2025;1;4.7;2.8;1;0;0;-999;-999;7.1;6;997.87;1.1;90.67;2.5;-2;-4.4;eor;1.25;;;;;;
26.11.2025;1;6.8;3.2;1;0;0;-999;-999;5.4;6.2;1008.19;1.5;90.29;5.4;-2.9;-6;eor;2.34;;;;;;
27.11.2025;1;10.9;4.3;1;0.8;4;-999;-999;7.2;6.2;1009.87;2.9;83.25;4.4;1;-0.9;eor;3.6;;;;;;
28.11.2025;1;10;4.4;1;1.5;4;-999;-999;7.7;8.1;1005.79;5.5;89.83;7;3.7;3.1;eor;0.94;;;;;;
29.11.2025;1;7.7;3.3;1;0;0;-999;-999;7.8;9;1003.12;7;90.17;8.8;5.6;4.2;eor;2.04;;;;;;
30.11.2025;1;7.9;3.5;1;0;4;-999;-999;7.5;8.6;1001.78;6.7;87.25;7.7;3.8;1;eor;1.07;;;;;;
01.12.2025;1;6.7;3.4;1;0;0;-999;-999;3.1;6.5;1007.91;3.2;84.58;6.1;1.3;-0.5;eor;3.47;;;;;;
02.12.2025;1;8.2;3.4;1;0;0;-999;-999;6.7;6;1005.96;1.7;86.46;4.6;-0.8;-2.4;eor;3.25;;;;;;
03.12.2025;1;5.7;2.7;1;0.6;4;-999;-999;7.9;6.6;1005.98;1.6;96.71;2.7;0.3;0.2;eor;1.44;;;;;;
04.12.2025;1;7.4;2.9;1;0;0;-999;-999;7.9;6.6;1003.42;2.2;92.17;3.4;1.1;-0.5;eor;1.59;;;;;;
05.12.2025;1;6.4;2.5;1;1.8;4;-999;-999;8;7.7;1003.16;3.7;96.13;4.4;2.5;2.2;eor;0.6;;;;;;
06.12.2025;1;8.4;3.5;1;0.2;4;-999;-999;7.4;6.8;1001.49;2.7;91.08;4.5;0.9;0.5;eor;1.5;;;;;;
07.12.2025;1;7.3;3.1;1;1.5;4;-999;-999;7.9;9.1;1000.28;6.6;92;8.7;4.1;3.2;eor;1.39;;;;;;
08.12.2025;1;12.2;4.7;1;0;4;-999;-999;6.8;10.7;1001.12;10;87.08;12;7.1;6;eor;2.74;;;;;;
09.12.2025;1;8.3;3.5;1;0.2;4;-999;-999;7.7;12.6;1004.35;11.4;93.08;12;10.7;9.5;eor;1.04;;;;;;
10.12.2025;1;8.9;4.3;1;0;4;-999;-999;8;11.5;1006.21;11.1;86.63;12.4;10.2;8.7;eor;1.37;;;;;;
11.12.2025;1;10.1;5.5;1;0;0;-999;-999;7.2;9.6;1010.87;8.6;85.96;10.4;5.7;4;eor;1.62;;;;;;
12.12.2025;1;8.8;2.6;1;0;0;-999;-999;7.5;8;1014.92;5;91.29;6.2;3.6;3.2;eor;0.98;;;;;;
13.12.2025;1;8.8;4.1;1;0.2;4;-999;-999;7.7;9;1015.87;6.6;91.96;8.6;4.6;4.3;eor;1.06;;;;;;
14.12.2025;1;10.8;5.1;1;0;0;-999;-999;7.2;7.5;1014.61;5.1;85.71;7.2;3.3;2;eor;2.68;;;;;;
15.12.2025;1;10.7;3.9;1;0;0;-999;-999;3.7;7.7;1008.71;5.2;86.88;7.7;2.5;0.7;eor;2.9;;;;;;
16.12.2025;1;6.5;2.4;1;0;0;-999;-999;4.4;6.7;1008.43;3.8;84;8;0.8;-2.1;eor;3.04;;;;;;
17.12.2025;1;7.5;2.9;1;0;0;-999;-999;5.8;6.1;1008.34;1.9;86.54;5.5;-1.6;-3.7;eor;2.98;;;;;;
18.12.2025;1;8.5;3.3;1;0;0;-999;-999;7.5;8.4;1010.59;6.6;86.58;8.5;4.6;3.1;eor;2.56;;;;;;
19.12.2025;1;9.2;3.7;1;0.1;4;-999;-999;7.1;8.7;1008.59;8.1;79.75;9.9;6;4;eor;1.39;;;;;;
20.12.2025;1;5.1;2.2;1;0;4;-999;-999;8;8.4;1011.28;4.7;98.5;8.3;2.5;-0.8;eor;1.19;;;;;;
21.12.2025;1;8.7;4.7;1;0;0;-999;-999;8;7.8;1011.79;3.5;98.63;4.1;2.7;2.6;eor;0.51;;;;;;
22.12.2025;1;9.5;5.6;1;0;0;-999;-999;8;6.3;1012.4;1.2;93.83;2.7;0.7;0.4;eor;0.51;;;;;;
23.12.2025;1;11.1;5;1;0;0;-999;-999;4;5.5;1018.45;1.3;81.88;3.9;-1.2;-4.1;eor;3.08;;;;;;
24.12.2025;1;11.8;5.2;1;0;0;-999;-999;2.8;4;1028.24;-3;78.75;1.1;-7.4;-8.7;eor;3.24;;;;;;
25.12.2025;1;5.8;-999;1;0;0;-999;-999;3.3;2.8;1029.59;-7.4;81.13;-3.8;-10.3;-11.8;eor;3.35;;;;;;
26.12.2025;1;4.6;-999;1;0;0;-999;-999;8;4.8;1025.37;-2.4;88.25;1.3;-8.2;-10.3;eor;0.97;;;;;;
27.12.2025;1;11.7;5.4;1;0;0;-999;-999;6;6.8;1019.38;2.3;94.21;5.5;0.4;-2.9;eor;0.62;;;;;;
28.12.2025;1;12.4;4.3;1;0;0;-999;-999;0.8;5;1018.45;0;80.96;2.9;-4.1;-8.3;eor;3.44;;;;;;
29.12.2025;1;12.3;5.5;1;0;4;-999;-999;6.6;6;1008.36;2.5;81.25;4.9;-2.7;-5.5;eor;1.77;;;;;;
30.12.2025;1;12.9;6.1;1;0;0;-999;-999;2.5;4.2;1011.95;-0.2;70.46;2.4;-4.1;-7.1;eor;3.01;;;;;;
31.12.2025;1;9.7;4;1;1.4;4;-999;-999;7;5.6;1004.25;0;90.04;3.4;-3.4;-5.8;eor;1.39;;;;;;
01.01.2026;1;18.8;8.3;1;2.5;4;-999;-999;7.5;6.4;985.11;2.3;89.33;3.8;0.4;-0.1;eor;0.32;;;;;;
02.01.2026;1;19.2;8.1;1;0.4;4;-999;-999;7.4;5.7;976.68;1.2;85.75;2.4;-0.9;-1.9;eor;1.33;;;;;;
03.01.2026;1;14.6;5.3;1;0.2;4;-999;-999;6.6;4.4;985.35;-1.7;81.13;-0.2;-4.2;-8.3;eor;2.23;;;;;;
04.01.2026;1;15.4;4.3;1;0.4;4;-999;-999;5.4;4.1;994.42;-3.2;84.96;-1.3;-6.2;-8.6;eor;2.47;;;;;;
05.01.2026;1;6.5;2.6;1;0.2;4;-999;-999;7.6;4.8;1002.25;-0.9;84.71;0.4;-2.6;-5.2;eor;1.91;;;;;;
06.01.2026;1;6.7;3;1;0;4;-999;-999;6.9;4.3;1004.82;-2.5;85.13;-1.6;-3.5;-6.8;eor;1.89;;;;;;
07.01.2026;1;9.8;3.7;1;0;0;-999;-999;3.5;3.7;1003.97;-3.7;79.46;-1.6;-5.9;-7.7;eor;2.85;;;;;;
08.01.2026;1;8.5;-999;1;0;4;-999;-999;4.8;2.9;1000.9;-6.7;78.58;-5.1;-10.3;-12.8;eor;2.38;;;;;;
09.01.2026;1;13.1;7.1;1;0;0;-999;-999;7.8;3;996.4;-6.4;78.75;-4;-10;-10.8;eor;1.87;;;;;;
10.01.2026;1;-999;5.2;1;0;4;-999;-999;5.5;3.7;1003.71;-3;75.83;0.6;-6.7;-9.5;eor;1.75;;;;;;
11.01.2026;1;10.8;5.6;1;0;0;-999;-999;0.1;3.3;1012.37;-4.7;77.42;-1.4;-8.4;-13.8;eor;3.7;;;;;;
12.01.2026;1;8.6;3;1;1.6;4;-999;-999;7.3;3.6;1006.37;-4.4;81.08;-1.4;-9.4;-13.2;eor;1.53;;;;;;
